time,Profit
2020-01-16 00:25:00,0
2020-01-16 01:55:00,1
2020-01-16 16:35:00,1
2020-01-17 00:50:00,1
2020-01-17 12:05:00,0
2020-01-17 12:50:00,1
2020-01-17 19:50:00,1
2020-01-18 04:30:00,0
2020-01-18 06:15:00,1
2020-01-18 15:40:00,1
2020-01-19 06:45:00,0
2020-01-19 22:15:00,1
2020-01-20 23:05:00,0
2020-01-21 19:45:00,1
2020-01-22 08:40:00,0
2020-01-23 05:45:00,1
2020-01-23 06:35:00,1
2020-01-23 09:05:00,0
2020-01-24 10:40:00,1
2020-01-24 22:10:00,0
2020-01-25 01:30:00,1
2020-01-25 13:00:00,1
2020-01-26 00:00:00,1
2020-01-27 08:50:00,1
2020-01-28 05:00:00,0
2020-01-28 08:25:00,1
2020-01-28 15:05:00,1
2020-01-29 10:05:00,1
2020-01-29 11:40:00,1
2020-01-29 23:55:00,0
2020-01-30 00:50:00,1
2020-01-30 16:35:00,1
2020-01-30 23:40:00,0
2020-01-31 06:15:00,1
2020-01-31 10:50:00,1
2020-02-01 06:00:00,1
2020-02-01 08:40:00,0
2020-02-01 11:30:00,1
2020-02-01 22:40:00,1
2020-02-02 00:30:00,0
2020-02-02 03:00:00,1
2020-02-02 03:45:00,0
2020-02-02 04:10:00,1
2020-02-02 14:10:00,1
2020-02-02 22:35:00,0
2020-02-03 07:30:00,0
2020-02-03 13:35:00,1
2020-02-03 15:30:00,1
2020-02-04 02:00:00,0
2020-02-04 09:20:00,0
2020-02-04 12:40:00,1
2020-02-04 18:55:00,1
2020-02-05 22:15:00,1
2020-02-06 18:20:00,1
2020-02-06 22:30:00,0
2020-02-07 04:25:00,1
2020-02-07 12:15:00,1
2020-02-09 14:05:00,0
2020-02-10 02:10:00,0
2020-02-10 05:45:00,0
2020-02-10 08:30:00,0
2020-02-10 11:20:00,1
2020-02-10 19:40:00,0
2020-02-10 22:40:00,1
2020-02-11 00:30:00,1
2020-02-11 21:45:00,1
2020-02-12 08:45:00,1
2020-02-12 23:45:00,1
2020-02-13 07:50:00,0
2020-02-13 08:50:00,1
2020-02-13 16:55:00,1
2020-02-14 05:25:00,0
2020-02-14 06:00:00,1
2020-02-14 21:50:00,1
2020-02-15 02:00:00,0
2020-02-15 17:20:00,1
2020-02-16 05:50:00,1
2020-02-16 11:00:00,0
2020-02-16 15:35:00,0
2020-02-16 16:20:00,1
2020-02-17 02:15:00,0
2020-02-17 10:45:00,0
2020-02-17 11:40:00,1
2020-02-19 07:00:00,1
2020-02-19 20:05:00,0
2020-02-19 21:35:00,0
2020-02-19 23:10:00,0
2020-02-24 02:30:00,0
2020-02-24 04:15:00,0
2020-02-24 10:05:00,1
2020-02-24 15:50:00,0
2020-02-24 18:30:00,1
2020-04-07 02:30:00,1
2020-04-07 14:10:00,1
2020-04-07 18:55:00,1
2020-04-07 20:05:00,1
2020-04-08 08:45:00,1
2020-04-08 10:45:00,1
2020-04-08 14:00:00,1
2020-04-09 01:45:00,0
2020-04-09 04:05:00,1
2020-04-09 10:00:00,1
2020-04-09 11:40:00,0
2020-04-10 00:15:00,1
2020-04-10 02:35:00,0
2020-04-10 03:50:00,0
2020-04-10 05:05:00,1
2020-04-19 00:20:00,0
2020-04-19 06:50:00,1
2020-04-19 13:40:00,0
2020-04-19 23:40:00,1
2020-04-24 10:35:00,1
2020-04-24 12:05:00,1
2020-04-24 14:15:00,1
2020-04-24 22:00:00,0
2020-04-25 00:55:00,1
2020-04-25 16:00:00,1
2020-04-26 15:10:00,1
2020-04-26 22:10:00,1
2020-04-27 06:05:00,1
2020-04-27 13:25:00,1
2020-04-27 17:40:00,1
2020-04-28 01:20:00,1
2020-04-28 14:05:00,0
2020-04-28 19:55:00,1
2020-04-30 07:20:00,0
2020-04-30 12:55:00,1
2020-04-30 16:05:00,0
2020-04-30 22:25:00,1
2020-05-01 07:30:00,1
2020-05-01 14:05:00,1
2020-05-01 16:05:00,1
2020-05-02 02:05:00,1
2020-05-02 08:05:00,1
2020-05-02 18:05:00,1
2020-05-03 06:05:00,0
2020-05-03 06:55:00,0
2020-05-03 12:25:00,0
2020-05-03 14:55:00,1
2020-05-04 00:40:00,0
2020-05-04 04:40:00,0
2020-05-04 17:35:00,1
2020-05-04 23:35:00,1
2020-05-05 10:05:00,1
2020-05-06 23:50:00,0
2020-05-07 20:55:00,1
2020-05-08 03:10:00,1
2020-05-08 06:10:00,1
2020-05-08 12:05:00,1
2020-05-08 19:00:00,1
2020-05-08 22:55:00,0
2020-05-08 23:50:00,1
2020-05-09 04:50:00,0
2020-05-09 07:20:00,1
2020-05-09 20:45:00,0
2020-05-10 00:00:00,0
2020-05-10 03:05:00,0
2020-05-10 04:30:00,1
2020-05-10 11:45:00,1
2020-05-10 14:55:00,0
2020-05-10 23:35:00,1
2020-05-11 17:45:00,0
2020-05-13 08:05:00,1
2020-05-14 05:25:00,0
2020-05-15 02:05:00,0
2020-05-15 03:00:00,1
2020-05-15 10:30:00,1
2020-05-15 15:10:00,0
2020-05-15 20:40:00,1
2020-05-16 00:10:00,1
2020-05-16 08:00:00,1
2020-05-16 15:50:00,1
2020-05-17 00:05:00,1
2020-05-17 09:10:00,1
2020-05-17 22:05:00,1
2020-05-18 06:10:00,0
2020-05-18 08:45:00,0
2020-05-19 12:15:00,1
2020-05-20 15:05:00,0
2020-05-20 16:45:00,1
2020-05-20 22:55:00,0
2020-05-20 23:30:00,1
2020-05-21 02:55:00,0
2020-05-21 04:40:00,1
2020-05-21 08:00:00,0
2020-05-21 08:20:00,0
2020-05-21 15:30:00,0
2020-05-21 18:35:00,1
2020-05-21 23:50:00,0
2020-05-29 08:25:00,1
2020-05-30 09:10:00,1
2020-05-30 20:10:00,0
2020-05-30 21:10:00,1
2020-05-31 03:45:00,0
2020-05-31 09:05:00,1
2020-05-31 13:20:00,0
2020-05-31 15:00:00,1
2020-06-01 10:15:00,1
2020-06-01 15:05:00,1
2020-06-02 20:15:00,1
2020-06-04 04:55:00,0
2020-06-04 09:20:00,1
2020-06-05 06:35:00,0
2020-06-05 10:15:00,0
2020-06-05 19:35:00,0
2020-06-05 22:05:00,0
2020-06-08 08:20:00,1
2020-06-08 13:05:00,1
2020-06-09 00:25:00,1
2020-06-11 06:20:00,0
2020-06-11 14:15:00,1
2020-06-11 14:35:00,0
2020-06-11 15:55:00,0
2020-06-11 17:20:00,1
2020-06-23 01:30:00,1
2020-06-23 21:05:00,1
2020-07-22 01:00:00,1
2020-07-22 07:00:00,1
2020-07-22 08:00:00,1
2020-07-22 14:30:00,1
2020-07-23 05:15:00,1
2020-07-24 01:50:00,0
2020-07-24 05:20:00,1
2020-07-24 06:25:00,0
2020-07-24 07:25:00,0
2020-07-24 12:35:00,1
2020-07-24 22:10:00,1
2020-07-26 12:35:00,1
2020-07-26 18:20:00,1
2020-07-26 19:45:00,1
2020-07-27 08:00:00,1
2020-07-27 23:20:00,1
2020-07-28 03:00:00,1
2020-07-28 08:10:00,0
2020-07-28 16:45:00,1
2020-07-29 23:20:00,0
2020-07-31 00:50:00,0
2020-07-31 13:45:00,1
2020-08-01 00:35:00,1
2020-08-01 13:15:00,1
2020-08-01 18:40:00,1
2020-08-02 06:00:00,1
2020-08-02 09:20:00,1
2020-08-02 10:45:00,0
2020-08-02 12:35:00,1
2020-08-02 19:40:00,0
2020-08-02 21:40:00,1
2020-08-03 00:05:00,1
2020-08-03 10:00:00,1
2020-08-03 21:40:00,0
2020-08-03 22:50:00,1
2020-08-04 03:30:00,1
2020-08-04 09:00:00,0
2020-08-04 11:40:00,0
2020-08-04 13:20:00,1
2020-08-04 21:05:00,1
2020-08-05 00:35:00,0
2020-08-06 02:05:00,1
2020-08-06 04:35:00,1
2020-08-06 21:45:00,1
2020-08-07 04:35:00,1
2020-08-07 11:15:00,0
2020-08-07 12:25:00,1
2020-08-07 14:10:00,0
2020-08-07 14:20:00,1
2020-08-08 16:10:00,1
2020-08-09 01:50:00,1
2020-08-09 05:55:00,1
2020-08-09 09:55:00,1
2020-08-09 13:05:00,1
2020-08-09 14:50:00,1
2020-08-10 10:30:00,1
2020-08-10 20:50:00,0
2020-08-11 03:35:00,0
2020-08-11 06:30:00,0
2020-08-11 14:15:00,0
2020-08-11 16:10:00,0
2020-08-11 16:40:00,1
2020-08-11 20:05:00,0
2020-08-11 21:10:00,1
2020-08-12 02:15:00,1
2020-08-12 06:05:00,1
2020-08-12 17:25:00,1
2020-08-12 21:25:00,1
2020-08-13 02:45:00,0
2020-08-14 03:10:00,1
2020-08-14 21:05:00,1
2020-08-15 04:20:00,1
2020-08-15 12:00:00,0
2020-08-15 12:40:00,1
2020-08-15 19:35:00,1
2020-08-15 23:10:00,1
2020-08-16 07:40:00,0
2020-08-16 10:30:00,0
2020-08-17 01:20:00,1
2020-08-17 19:20:00,1
2020-08-17 23:45:00,1
2020-08-18 04:50:00,0
2020-08-18 12:00:00,1
2020-08-18 13:45:00,0
2020-08-18 14:15:00,0
2020-08-19 04:20:00,1
2020-08-19 14:50:00,0
2020-08-19 18:35:00,1
2020-08-20 02:50:00,1
2020-08-20 22:00:00,1
2020-08-21 01:35:00,1
2020-08-21 06:45:00,1
2020-08-21 10:00:00,0
2020-08-21 11:45:00,0
2020-08-21 16:50:00,0
2020-08-21 18:15:00,1
2020-08-21 20:55:00,0
2020-08-21 23:30:00,0
2020-08-23 03:35:00,0
2020-08-23 10:15:00,1
2020-08-23 21:25:00,0
2020-08-24 15:00:00,1
2020-08-25 02:10:00,0
2020-08-25 04:00:00,1
2020-08-25 06:10:00,0
2020-08-25 06:50:00,0
2020-08-25 07:30:00,1
2020-08-25 12:10:00,0
2020-08-25 13:40:00,0
2020-08-25 14:25:00,1
2020-08-25 17:00:00,0
2020-08-31 06:05:00,1
2020-08-31 07:30:00,1
2020-08-31 20:20:00,0
2020-09-02 00:15:00,0
2020-09-02 08:30:00,1
2020-09-02 10:30:00,0
2020-09-02 13:40:00,0
2020-09-02 16:25:00,1
2020-10-09 04:35:00,0
2020-10-09 21:30:00,1
2020-10-10 07:00:00,1
2020-10-10 09:50:00,1
2020-10-10 23:15:00,1
2020-10-11 04:40:00,1
2020-10-11 19:30:00,0
2020-10-11 19:40:00,1
2020-10-12 06:30:00,0
2020-10-12 23:10:00,0
2020-10-16 09:05:00,0
2020-10-16 19:55:00,0
2020-10-16 20:45:00,1
2020-10-17 00:15:00,1
2020-10-17 09:00:00,1
2020-10-17 14:40:00,1
2020-10-17 20:30:00,1
2020-10-18 20:00:00,1
2020-10-19 02:35:00,1
2020-10-19 18:45:00,1
2020-10-20 08:05:00,1
2020-10-20 20:05:00,1
2020-10-20 23:45:00,1
2020-10-21 07:40:00,1
2020-10-21 19:50:00,1
2020-10-22 02:25:00,1
2020-10-22 12:35:00,1
2020-10-22 21:50:00,1
2020-10-22 23:00:00,0
2020-10-24 00:30:00,1
2020-10-24 21:55:00,1
2020-10-25 05:45:00,1
2020-10-25 07:15:00,0
2020-10-25 10:30:00,1
2020-10-25 15:55:00,1
2020-10-25 22:25:00,1
2020-10-26 00:20:00,1
2020-10-26 08:25:00,1
2020-10-26 15:20:00,0
2020-10-26 17:35:00,1
2020-10-28 07:15:00,0
2020-10-28 11:10:00,0
2020-10-28 13:40:00,0
2020-10-28 15:05:00,0
2020-10-28 16:45:00,1
2020-10-28 21:30:00,1
2020-10-29 01:30:00,1
2020-10-29 07:30:00,0
2020-10-29 12:00:00,1
2020-10-29 21:40:00,1
2020-10-29 23:00:00,1
2020-10-30 00:10:00,1
2020-10-30 03:00:00,0
2020-10-30 06:55:00,1
2020-10-31 03:10:00,1
2020-10-31 15:15:00,1
2020-10-31 17:25:00,1
2020-11-01 00:40:00,0
2020-11-02 11:15:00,0
2020-11-02 11:45:00,0
2020-11-02 18:40:00,1
2020-11-02 23:55:00,0
2020-11-03 02:45:00,0
2020-11-03 06:05:00,1
2020-11-03 22:05:00,1
2020-11-04 01:00:00,0
2020-11-04 20:20:00,1
2020-11-05 17:35:00,1
2020-11-06 03:20:00,1
2020-11-06 08:45:00,0
2020-11-06 19:50:00,0
2020-11-07 04:35:00,0
2020-11-07 14:40:00,0
2020-11-07 16:20:00,1
2020-11-07 18:15:00,0
2020-11-07 19:15:00,1
2020-11-08 07:50:00,1
2020-11-08 19:25:00,1
2020-11-09 03:15:00,0
2020-11-09 13:15:00,0
2020-11-09 16:30:00,1
2020-11-09 22:50:00,1
2020-11-10 03:35:00,1
2020-11-10 06:45:00,1
2020-11-10 11:00:00,0
2020-11-10 13:15:00,1
2020-11-10 15:30:00,1
2020-11-11 04:45:00,1
2020-11-11 20:10:00,0
2020-11-11 21:25:00,1
2020-11-12 00:05:00,0
2020-11-12 11:00:00,1
2020-11-12 18:00:00,1
2020-11-13 05:10:00,0
2020-11-13 14:35:00,0
2020-11-13 20:55:00,1
2020-11-14 01:15:00,0
2020-11-14 04:50:00,1
2020-11-14 07:15:00,0
2020-11-14 09:05:00,1
2020-11-14 16:50:00,1
2020-11-15 01:10:00,1
2020-11-15 10:20:00,1
2020-11-15 16:25:00,0
2020-11-15 19:10:00,1
2020-11-15 20:30:00,1
2020-11-15 22:15:00,1
2020-11-16 21:50:00,1
2020-11-18 05:35:00,1
2020-11-20 18:35:00,1
2020-11-20 22:10:00,1
2020-11-21 03:50:00,0
2020-11-21 04:40:00,1
2020-11-21 09:35:00,0
2020-11-21 12:05:00,1
2020-11-21 19:40:00,1
2020-11-22 00:55:00,0
2020-11-22 06:25:00,0
2020-11-22 10:45:00,0
2020-11-22 23:15:00,0
2020-11-23 01:30:00,1
2020-11-23 13:20:00,1
2020-11-23 15:20:00,1
2020-11-24 20:05:00,1
2020-11-24 20:30:00,0
2020-11-25 16:25:00,0
2020-11-25 22:25:00,0
2020-11-26 02:25:00,0
2020-11-26 04:45:00,0
2020-11-26 09:30:00,1
2020-11-26 14:05:00,0
2020-11-26 17:15:00,1
2020-11-27 07:55:00,0
2020-11-27 09:50:00,1
2020-11-28 03:05:00,1
2020-11-28 08:30:00,1
2020-11-29 00:25:00,1
2020-11-29 06:15:00,1
2020-11-29 12:20:00,1
2020-11-29 16:25:00,1
2020-11-29 22:25:00,1
2020-11-30 08:10:00,1
2020-11-30 17:05:00,1
2020-12-01 04:00:00,1
2020-12-01 11:30:00,0
2020-12-13 15:15:00,1
2020-12-13 20:30:00,1
2020-12-13 22:20:00,1
2020-12-14 00:50:00,1
2020-12-14 04:20:00,1
2020-12-15 04:50:00,0
2020-12-15 09:20:00,1
2020-12-15 21:20:00,1
2020-12-17 18:00:00,0
2020-12-18 11:05:00,1
2020-12-18 13:50:00,1
2020-12-19 05:15:00,0
2020-12-20 00:10:00,0
2020-12-20 01:10:00,1
2020-12-20 02:40:00,0
2020-12-20 10:40:00,1
2020-12-20 21:15:00,0
2020-12-20 22:20:00,1
2020-12-21 06:20:00,1
2020-12-21 08:55:00,0
2020-12-21 11:35:00,1
2020-12-21 12:05:00,0
2020-12-21 12:45:00,1
2020-12-21 17:25:00,1
2020-12-23 02:10:00,0
2020-12-23 11:10:00,1
2020-12-23 21:10:00,0
2020-12-23 21:45:00,0
2020-12-24 00:20:00,1
2020-12-25 03:00:00,1
2020-12-25 14:45:00,1
2020-12-26 05:35:00,1
2020-12-26 09:30:00,1
2020-12-27 11:45:00,1
2020-12-30 08:30:00,1
2020-12-31 01:10:00,1
2020-12-31 09:15:00,1
2020-12-31 12:55:00,0
2020-12-31 14:30:00,1
2020-12-31 17:00:00,1
2020-12-31 23:45:00,1
2021-01-01 05:10:00,1
2021-01-01 15:40:00,1
2021-01-01 17:40:00,0
2021-01-01 17:50:00,1
2021-01-02 00:25:00,1
2021-01-02 20:25:00,0
2021-01-03 14:50:00,0
2021-01-03 16:55:00,1
2021-01-03 23:55:00,1
2021-01-04 05:50:00,1
2021-01-04 07:20:00,0
2021-01-04 09:15:00,0
2021-01-04 16:25:00,1
2021-01-04 21:40:00,1
2021-01-05 03:30:00,0
2021-01-05 05:00:00,0
2021-01-05 06:10:00,1
2021-01-05 14:05:00,1
2021-01-06 00:25:00,1
2021-01-06 07:50:00,1
2021-01-06 14:15:00,1
2021-01-06 20:05:00,1
2021-01-07 06:25:00,1
2021-01-07 18:45:00,1
2021-01-08 15:35:00,0
2021-01-10 18:50:00,0
2021-01-11 00:15:00,0
2021-01-11 02:20:00,0
2021-01-11 04:30:00,1
2021-01-11 06:05:00,0
2021-01-11 11:15:00,0
2021-01-11 13:20:00,0
2021-01-11 15:50:00,1
2021-01-12 01:50:00,1
2021-01-12 10:25:00,0
2021-01-12 14:15:00,1
2021-01-12 19:45:00,1
2021-01-12 22:55:00,1
2021-01-14 04:10:00,1
2021-01-14 21:15:00,1
2021-01-15 03:20:00,0
2021-01-15 05:50:00,1
2021-01-15 11:50:00,0
2021-01-15 13:20:00,0
2021-01-15 15:40:00,0
2021-01-15 18:45:00,1
2021-01-16 02:55:00,1
2021-01-16 12:30:00,0
2021-01-17 04:50:00,0
2021-01-17 06:20:00,0
2021-01-17 07:35:00,1
2021-01-17 23:55:00,0
2021-01-18 04:20:00,0
2021-01-18 04:40:00,1
2021-01-18 11:10:00,1
2021-01-18 14:35:00,1
2021-01-19 05:00:00,1
2021-01-19 10:40:00,1
2021-01-19 12:45:00,1
2021-01-19 17:30:00,0
2021-01-19 19:30:00,0
2021-01-20 02:05:00,0
2021-01-20 04:35:00,1
2021-01-20 09:40:00,0
2021-01-20 12:05:00,0
2021-01-20 15:55:00,0
2021-01-20 21:25:00,1
2021-01-21 01:45:00,0
2021-01-21 03:35:00,1
2021-01-21 05:00:00,1
2021-01-21 08:10:00,0
2021-01-21 10:00:00,0
2021-01-21 12:30:00,1
2021-01-21 14:15:00,1
2021-01-21 21:35:00,0
2021-02-03 07:55:00,0
2021-02-03 09:05:00,1
2021-02-04 03:55:00,1
2021-02-04 09:00:00,1
2021-02-06 05:15:00,1
2021-02-06 18:00:00,0
2021-02-06 20:20:00,1
2021-02-06 23:05:00,0
2021-02-07 01:55:00,1
2021-02-07 11:25:00,0
2021-02-07 13:40:00,0
2021-02-07 16:10:00,1
2021-02-07 20:05:00,1
2021-02-08 02:05:00,0
2021-02-08 17:10:00,1
2021-02-09 09:35:00,0
2021-02-09 13:30:00,0
2021-02-09 23:10:00,1
2021-02-10 01:25:00,1
2021-02-10 04:05:00,1
2021-02-10 12:05:00,0
2021-02-10 14:35:00,0
2021-02-10 16:05:00,1
2021-02-10 21:05:00,1
2021-02-11 00:10:00,1
2021-02-11 06:40:00,1
2021-02-11 17:10:00,1
2021-02-11 20:55:00,1
2021-02-12 03:20:00,0
2021-02-12 04:35:00,1
2021-02-12 14:35:00,0
2021-02-12 18:50:00,1
2021-02-12 23:35:00,1
2021-02-13 05:30:00,1
2021-02-13 07:35:00,0
2021-02-13 10:45:00,0
2021-02-13 11:00:00,1
2021-02-14 13:50:00,0
2021-02-15 02:10:00,0
2021-02-15 03:05:00,0
2021-02-15 04:15:00,1
2021-02-15 22:05:00,0
2021-02-16 06:30:00,1
2021-02-16 12:05:00,0
2021-02-16 16:30:00,1
2021-02-17 04:45:00,1
2021-02-17 13:35:00,1
2021-02-18 04:05:00,1
2021-02-18 07:05:00,0
2021-02-18 11:45:00,1
2021-02-18 22:25:00,0
2021-02-19 02:35:00,1
2021-02-19 04:45:00,1
2021-02-20 03:45:00,0
2021-02-20 09:15:00,1
2021-02-20 15:00:00,1
2021-02-20 21:15:00,0
2021-02-21 06:45:00,1
2021-02-21 07:25:00,1
2021-02-21 12:50:00,1
2021-02-21 20:55:00,0
2021-02-22 03:35:00,0
2021-02-22 09:40:00,0
2021-02-22 12:05:00,0
2021-02-22 12:45:00,0
2021-02-22 18:05:00,1
2021-02-22 23:20:00,1
2021-02-23 00:10:00,0
2021-02-23 03:35:00,1
2021-02-23 04:40:00,0
2021-02-23 08:10:00,0
2021-02-23 14:45:00,1
2021-02-23 18:15:00,1
2021-02-24 00:25:00,1
2021-02-24 13:20:00,1
2021-02-25 17:10:00,0
2021-02-25 20:10:00,0
2021-02-25 23:45:00,0
2021-03-02 02:05:00,1
2021-03-02 03:30:00,1
2021-03-02 15:20:00,0
2021-03-02 16:40:00,1
2021-03-04 00:05:00,1
2021-03-04 03:00:00,0
2021-03-04 05:30:00,0
2021-03-04 09:20:00,1
2021-03-04 17:55:00,0
2021-03-08 02:35:00,0
2021-03-08 08:00:00,1
2021-03-09 07:05:00,1
2021-03-09 12:55:00,1
2021-03-09 15:55:00,1
2021-03-10 01:50:00,0
2021-03-10 02:25:00,1
2021-03-10 20:45:00,1
2021-03-11 00:00:00,1
2021-03-11 01:00:00,1
2021-03-11 06:05:00,1
2021-03-11 08:05:00,1
2021-03-12 00:30:00,0
2021-03-12 10:25:00,1
2021-03-12 13:05:00,0
2021-03-12 19:30:00,1
2021-03-13 00:10:00,1
2021-03-14 01:10:00,0
2021-03-14 13:35:00,1
2021-03-14 15:55:00,1
2021-03-14 23:50:00,1
2021-03-15 04:55:00,0
2021-03-15 06:15:00,0
2021-03-15 08:00:00,1
2021-03-15 09:25:00,1
2021-03-18 07:25:00,0
2021-03-18 12:10:00,1
2021-03-18 18:15:00,0
2021-03-18 19:15:00,0
2021-03-18 20:20:00,1
2021-03-19 00:15:00,0
2021-03-19 08:05:00,1
2021-03-19 13:45:00,1
2021-03-19 18:20:00,1
2021-03-19 20:50:00,1
2021-03-20 16:15:00,1
2021-03-20 20:15:00,0
2021-03-21 02:05:00,0
2021-03-21 03:15:00,1
2021-03-21 04:30:00,0
2021-03-21 09:45:00,1
2021-03-21 23:15:00,0
2021-03-22 08:45:00,1
2021-03-22 12:15:00,0
2021-03-22 13:40:00,0
2021-03-22 16:35:00,1
2021-03-22 18:40:00,0
2021-03-22 19:55:00,0
2021-03-22 20:45:00,0
2021-03-30 16:00:00,1
2021-03-30 20:35:00,1
2021-03-31 03:05:00,1
2021-03-31 07:55:00,1
2021-03-31 20:00:00,1
2021-04-01 10:40:00,1
2021-04-01 16:45:00,0
2021-04-01 21:45:00,1
2021-04-02 00:05:00,1
2021-04-02 12:15:00,1
2021-04-02 16:55:00,0
2021-04-02 20:50:00,1
2021-04-03 08:45:00,0
2021-04-03 21:55:00,0
2021-04-05 01:05:00,0
2021-04-05 05:00:00,0
2021-04-05 06:20:00,1
2021-04-05 21:35:00,1
2021-04-05 23:15:00,1
2021-04-06 02:05:00,0
2021-04-06 14:10:00,0
2021-04-06 21:25:00,1
2021-04-07 00:50:00,1
2021-04-07 09:15:00,1
2021-04-07 10:55:00,0
2021-04-07 15:40:00,1
2021-04-07 17:45:00,1
2021-04-08 00:00:00,1
2021-04-09 06:10:00,1
2021-04-09 16:15:00,1
2021-04-09 22:20:00,1
2021-04-10 12:35:00,0
2021-04-10 18:10:00,0
2021-04-10 21:15:00,1
2021-04-11 04:45:00,0
2021-04-11 13:35:00,1
2021-04-12 09:40:00,0
2021-04-12 15:00:00,1
2021-04-13 18:55:00,1
2021-04-14 08:50:00,1
2021-04-14 14:10:00,0
2021-04-14 18:00:00,1
2021-04-16 01:40:00,0
2021-04-16 04:35:00,0
2021-04-16 06:05:00,1
2021-04-17 09:25:00,0
2021-04-17 11:55:00,0
2021-04-17 22:40:00,1
2021-04-17 23:30:00,0
2021-05-09 01:30:00,1
2021-05-09 04:15:00,0
2021-05-09 19:30:00,1
2021-07-26 07:40:00,1
2021-07-26 13:05:00,1
2021-07-26 20:05:00,1
2021-07-28 06:45:00,1
2021-07-28 12:45:00,0
2021-07-30 10:20:00,1
2021-07-31 04:10:00,1
2021-07-31 11:20:00,1
2021-08-01 00:00:00,1
2021-08-01 05:15:00,0
2021-08-01 22:25:00,0
2021-08-02 00:00:00,1
2021-08-02 08:30:00,0
2021-08-02 12:35:00,1
2021-08-02 19:20:00,0
2021-08-02 20:30:00,1
2021-08-03 00:05:00,1
2021-08-03 02:00:00,0
2021-08-03 12:05:00,1
2021-08-03 15:10:00,1
2021-08-04 00:15:00,1
2021-08-04 03:20:00,0
2021-08-04 04:15:00,1
2021-08-04 06:10:00,1
2021-08-04 22:50:00,0
2021-08-05 06:20:00,0
2021-08-05 07:45:00,0
2021-08-05 10:35:00,1
2021-08-05 12:30:00,0
2021-08-06 00:30:00,1
2021-08-06 22:00:00,1
2021-08-07 06:40:00,1
2021-08-07 13:05:00,1
2021-08-08 09:00:00,1
2021-08-08 10:25:00,1
2021-08-08 14:35:00,0
2021-08-08 19:15:00,1
2021-08-08 23:40:00,0
2021-08-09 20:35:00,1
2021-08-10 03:35:00,1
2021-08-10 10:35:00,1
2021-08-10 15:30:00,1
2021-08-10 23:30:00,1
2021-08-11 02:45:00,1
2021-08-11 11:50:00,1
2021-08-11 21:05:00,0
2021-08-12 04:30:00,0
2021-08-12 06:35:00,1
2021-08-12 11:45:00,0
2021-08-12 14:45:00,1
2021-08-12 22:25:00,1
2021-08-14 10:00:00,0
2021-08-17 21:10:00,1
2021-08-18 07:55:00,1
2021-08-18 11:40:00,1
2021-08-18 19:00:00,0
2021-08-18 21:20:00,1
2021-08-19 03:00:00,0
2021-08-19 04:15:00,1
2021-08-19 12:05:00,1
2021-08-20 07:55:00,1
2021-08-20 18:40:00,1
2021-08-21 03:10:00,1
2021-08-21 11:10:00,1
2021-08-21 19:20:00,0
2021-08-22 18:15:00,1
2021-08-23 14:35:00,0
2021-08-24 00:35:00,0
2021-08-24 02:00:00,0
2021-08-24 10:35:00,0
2021-08-24 15:00:00,0
2021-08-24 16:00:00,0
2021-08-24 16:50:00,1
2021-08-24 23:45:00,1
2021-08-25 07:45:00,0
2021-08-26 02:35:00,0
2021-08-26 03:10:00,0
2021-08-26 05:25:00,0
2021-08-26 12:05:00,1
2021-08-27 00:00:00,1
2021-08-27 03:20:00,1
2021-08-27 13:10:00,1
2021-08-28 06:05:00,1
2021-08-28 11:45:00,1
2021-08-28 14:10:00,1
2021-08-28 19:05:00,1
2021-08-29 02:50:00,0
2021-08-29 11:50:00,1
2021-08-29 21:50:00,1
2021-08-30 00:05:00,0
2021-08-30 04:30:00,1
2021-08-30 11:30:00,0
2021-08-30 22:25:00,0
2021-09-02 14:45:00,0
2021-09-03 18:05:00,1
2021-09-03 20:25:00,1
2021-09-04 10:50:00,0
2021-09-04 19:15:00,1
2021-09-04 23:05:00,1
2021-09-05 03:15:00,1
2021-09-06 03:45:00,1
2021-09-06 11:40:00,1
2021-09-07 07:00:00,0
2021-09-07 08:25:00,0
2021-09-07 10:20:00,1
2021-09-07 12:30:00,0
2021-09-07 18:20:00,1
2021-10-02 00:15:00,1
2021-10-02 16:15:00,1
2021-10-02 23:30:00,0
2021-10-03 01:25:00,1
2021-10-03 09:05:00,1
2021-10-03 15:45:00,1
2021-10-03 20:35:00,0
2021-10-04 02:30:00,0
2021-10-04 03:05:00,1
2021-10-04 04:05:00,1
2021-10-04 08:45:00,1
2021-10-04 14:55:00,1
2021-10-04 21:40:00,1
2021-10-05 14:40:00,1
2021-10-06 01:10:00,1
2021-10-06 08:10:00,0
2021-10-07 00:35:00,0
2021-10-07 12:30:00,1
2021-10-07 14:40:00,1
2021-10-07 22:20:00,1
2021-10-08 12:15:00,0
2021-10-08 13:40:00,1
2021-10-09 08:40:00,1
2021-10-09 16:45:00,1
2021-10-09 20:00:00,1
2021-10-10 01:10:00,1
2021-10-10 09:15:00,1
2021-10-10 21:05:00,1
2021-10-11 11:00:00,1
2021-10-11 20:05:00,0
2021-10-12 15:00:00,0
2021-10-13 04:40:00,0
2021-10-13 06:45:00,0
2021-10-13 09:05:00,1
2021-10-13 14:05:00,1
2021-10-14 04:40:00,0
2021-10-14 07:55:00,1
2021-10-14 15:10:00,1
2021-10-14 18:30:00,0
2021-10-14 23:25:00,0
2021-10-15 08:30:00,1
2021-10-15 23:10:00,1
2021-10-16 09:50:00,1
2021-10-16 12:40:00,0
2021-10-16 17:10:00,1
2021-10-16 22:00:00,1
2021-10-17 05:10:00,0
2021-10-17 06:15:00,1
2021-10-17 07:55:00,1
2021-10-17 12:15:00,1
2021-10-17 19:15:00,0
2021-10-18 07:55:00,0
2021-10-18 11:50:00,0
2021-10-18 19:10:00,1
2021-10-19 06:45:00,1
2021-10-19 14:30:00,1
2021-10-20 01:55:00,1
2021-10-20 20:10:00,0
2021-10-21 01:25:00,0
2021-10-21 02:30:00,1
2021-10-21 03:20:00,1
2021-10-21 11:35:00,0
2021-10-21 17:55:00,1
2021-10-22 06:40:00,1
2021-10-22 10:30:00,1
2021-10-22 13:50:00,0
2021-10-22 18:00:00,1
2021-10-22 21:50:00,1
2021-10-23 09:20:00,0
2021-10-23 19:40:00,1
2021-10-24 05:10:00,0
2021-10-24 06:55:00,1
2021-10-24 11:40:00,1
2021-10-24 16:10:00,1
2021-10-25 17:35:00,1
2021-10-26 04:30:00,1
2021-10-26 12:25:00,0
2021-10-26 14:05:00,1
2021-10-26 19:55:00,1
2021-10-26 21:40:00,1
2021-10-27 07:30:00,0
2021-10-27 09:25:00,1
2021-10-27 19:10:00,1
2021-10-29 05:20:00,0
2021-10-29 07:55:00,1
2021-10-29 19:25:00,1
2021-10-30 00:55:00,0
2021-10-30 08:55:00,1
2021-10-30 14:30:00,1
2021-10-30 22:35:00,1
2021-10-31 02:55:00,0
2021-10-31 05:45:00,1
2021-10-31 08:25:00,0
2021-10-31 12:05:00,1
2021-10-31 12:45:00,1
2021-11-01 02:20:00,1
2021-11-01 14:55:00,0
2021-11-01 17:55:00,0
2021-11-02 18:25:00,1
2021-11-02 20:35:00,0
2021-11-03 13:20:00,0
2021-11-03 14:35:00,1
2021-11-03 15:05:00,1
2021-11-03 18:05:00,1
2021-11-04 01:15:00,0
2021-11-04 07:50:00,0
2021-11-04 09:25:00,1
2021-11-04 11:40:00,1
2021-11-04 15:10:00,1
2021-11-05 09:40:00,0
2021-11-05 15:40:00,1
2021-11-07 06:50:00,1
2021-11-08 13:40:00,1
2021-11-08 20:05:00,1
2021-11-09 11:35:00,0
2021-11-09 12:15:00,1
2021-11-09 15:00:00,0
2021-11-09 17:15:00,1
2021-11-09 19:10:00,1
2021-11-09 23:55:00,1
2021-11-10 03:05:00,0
2021-11-10 18:25:00,0
2021-11-10 20:40:00,0
2021-11-10 22:05:00,1
2021-11-11 12:15:00,1
2021-11-11 18:35:00,1
2021-11-11 23:45:00,0
2021-11-12 06:05:00,0
2021-11-12 09:30:00,0
2021-11-12 11:00:00,1
2021-11-12 15:10:00,0
2021-11-12 16:30:00,1
2021-11-13 02:00:00,0
2021-11-13 18:25:00,0
2021-11-13 19:05:00,1
2021-11-14 08:20:00,1
2021-11-14 14:40:00,0
2021-11-14 17:35:00,1
2021-11-15 08:15:00,1
2021-11-15 13:30:00,0
2021-11-15 14:15:00,0
2021-11-15 16:45:00,1
2021-11-15 18:00:00,0
2021-11-15 22:20:00,1
2022-02-05 09:50:00,1
2022-02-05 16:55:00,1
2022-02-05 23:30:00,1
2022-02-06 04:10:00,1
2022-02-06 14:50:00,1
2022-02-07 09:35:00,1
2022-02-07 23:35:00,1
2022-02-08 08:15:00,0
2022-02-08 12:25:00,1
2022-02-09 02:00:00,0
2022-02-09 03:10:00,1
2022-02-09 05:15:00,1
2022-02-09 08:25:00,1
2022-02-09 22:25:00,1
2022-02-09 23:45:00,0
2022-02-10 03:00:00,1
2022-02-10 13:35:00,1
2022-02-10 19:15:00,0
2022-02-10 21:10:00,1
2022-02-10 21:50:00,0
2022-02-10 23:50:00,0
2022-02-11 09:00:00,1
2022-02-11 18:35:00,0
2022-02-11 19:25:00,1
2022-02-11 20:25:00,1
2022-02-15 17:20:00,1
2022-02-16 01:15:00,0
2022-02-16 04:20:00,1
2022-02-16 10:25:00,1
2022-02-16 13:35:00,0
2022-02-16 14:40:00,1
2022-02-17 00:00:00,1
2022-02-17 02:25:00,1
2022-02-17 03:45:00,0
2022-02-17 04:30:00,1
2022-02-17 08:30:00,0
2022-02-17 10:35:00,0
2022-02-17 11:40:00,1
2022-02-17 13:25:00,0
2022-02-17 18:15:00,0
2022-03-01 09:40:00,1
2022-03-01 15:05:00,1
2022-03-02 07:00:00,1
2022-03-02 12:35:00,1
2022-03-02 17:55:00,1
2022-03-03 00:05:00,0
2022-03-03 04:15:00,1
2022-03-03 14:50:00,0
2022-03-03 16:40:00,0
2022-03-19 07:20:00,1
2022-03-19 22:10:00,0
2022-03-20 13:30:00,1
2022-03-20 15:05:00,1
2022-03-20 15:35:00,1
2022-03-20 21:05:00,0
2022-03-23 01:05:00,1
2022-03-23 04:00:00,0
2022-03-23 04:20:00,1
2022-03-23 11:20:00,1
2022-03-23 17:45:00,1
2022-03-24 12:50:00,1
2022-03-25 07:50:00,0
2022-03-25 15:25:00,0
2022-03-25 17:10:00,1
2022-03-26 00:55:00,1
2022-03-26 12:25:00,1
2022-03-26 13:30:00,1
2022-03-27 08:35:00,1
2022-03-28 06:10:00,1
2022-03-28 21:35:00,0
2022-03-28 23:20:00,1
2022-03-29 08:00:00,1
2022-03-29 13:50:00,1
2022-03-29 15:50:00,0
2022-03-30 11:15:00,0
2022-03-30 13:40:00,1
2022-03-30 19:00:00,1
2022-03-31 13:55:00,0
2022-03-31 16:05:00,0
2022-03-31 18:05:00,1
2022-03-31 19:30:00,0
2022-03-31 23:45:00,0
2022-04-01 03:55:00,0
2022-04-06 00:55:00,1
2022-04-06 08:15:00,1
2022-04-06 11:05:00,0
2022-04-06 15:10:00,0
2022-04-06 17:05:00,1
2022-04-06 18:25:00,0
2022-07-19 03:50:00,1
2022-07-20 00:45:00,1
2022-07-20 08:00:00,1
2022-07-20 16:30:00,0
2022-07-20 17:25:00,1
2022-07-20 20:10:00,1
2022-07-20 23:05:00,0
2022-07-21 04:10:00,1
2022-07-21 11:15:00,1
2022-07-22 02:15:00,1
2022-07-22 14:10:00,0
2022-07-22 18:05:00,1
2022-07-22 19:35:00,0
2022-07-23 14:55:00,0
2022-07-23 17:55:00,1
2022-07-25 00:30:00,0
2022-07-25 02:25:00,0
2022-07-25 04:45:00,1
2022-07-25 12:05:00,0
2022-07-25 14:30:00,1
2022-07-25 18:05:00,1
2022-07-25 22:15:00,0
2022-07-25 23:40:00,0
2022-07-25 23:50:00,0
2022-07-28 07:05:00,0
2022-07-28 12:35:00,1
2022-07-29 00:20:00,1
2022-07-29 11:25:00,0
2022-07-29 12:15:00,1
2022-07-29 16:15:00,1
2022-07-29 23:55:00,1
2022-07-30 19:10:00,0
2022-07-30 20:50:00,0
2022-07-30 23:15:00,1
2022-07-31 08:15:00,1
2022-07-31 13:25:00,1
2022-07-31 18:35:00,0
2022-08-06 17:00:00,1
2022-08-06 23:20:00,0
2022-08-09 02:10:00,1
2022-08-09 06:05:00,0
2022-08-09 12:50:00,1
2022-08-09 14:00:00,0
2022-08-11 07:55:00,1
2022-08-11 14:45:00,0
2022-08-11 23:25:00,1
2022-08-12 10:50:00,0
2022-08-12 11:20:00,1
2022-08-13 07:55:00,0
2022-08-13 11:40:00,1
2022-08-13 18:45:00,1
2022-08-14 11:40:00,0
2022-08-14 13:20:00,1
2022-08-14 16:45:00,0
2022-08-14 22:15:00,1
2022-08-15 06:10:00,0
2022-08-15 08:50:00,0
2022-08-15 09:35:00,1
2022-08-15 11:55:00,1
2022-08-15 18:10:00,0
2022-08-15 23:05:00,1
2022-08-16 03:10:00,1
2022-08-16 05:15:00,1
2022-08-16 12:50:00,0
2022-08-16 14:35:00,1
2022-08-16 16:45:00,1
2022-08-16 22:35:00,1
2022-08-17 07:30:00,0
2022-08-17 14:40:00,1
2022-08-17 19:15:00,1
2022-09-11 02:35:00,1
2022-09-11 14:20:00,1
2022-09-12 10:10:00,1
2022-09-12 15:45:00,1
2022-09-13 00:25:00,1
2022-09-13 08:35:00,1
2022-09-13 12:35:00,0
2022-09-13 21:05:00,0
2022-10-05 00:20:00,0
2022-10-05 12:15:00,1
2022-10-05 13:15:00,1
2022-10-05 20:50:00,1
2022-10-26 05:15:00,1
2022-10-26 12:25:00,1
2022-10-27 03:00:00,1
2022-10-27 06:45:00,0
2022-10-27 10:00:00,1
2022-10-27 13:55:00,1
2022-10-27 20:10:00,0
2022-10-27 21:10:00,0
2022-10-29 11:20:00,1
2022-10-29 22:10:00,1
2022-10-30 08:30:00,0
2022-10-30 10:35:00,1
2022-10-30 15:50:00,0
2022-10-30 17:00:00,1
2022-10-30 22:10:00,0
2022-10-31 02:10:00,1
2022-10-31 06:20:00,1
2022-10-31 13:50:00,0
2022-10-31 14:50:00,1
2022-11-01 11:20:00,0
2022-11-02 19:30:00,1
2022-11-05 00:15:00,1
2022-11-05 08:10:00,0
2022-11-05 08:30:00,1
2022-11-05 13:25:00,1
2022-11-05 23:10:00,1
2022-11-06 01:55:00,0
2022-11-06 22:15:00,0
2022-11-07 00:15:00,1
2022-11-07 03:25:00,0
2022-11-07 07:10:00,0
2022-11-07 08:25:00,1
2022-11-07 14:55:00,1
2022-11-07 21:40:00,0
2022-12-14 19:05:00,0
2023-01-09 13:50:00,1
2023-01-09 20:00:00,0
2023-01-09 21:40:00,1
2023-01-10 12:20:00,1
2023-01-11 03:00:00,1
2023-01-11 12:20:00,1
2023-01-11 15:40:00,1
2023-01-12 05:30:00,0
2023-01-12 13:35:00,1
2023-01-12 14:35:00,1
2023-01-13 00:45:00,1
2023-01-13 05:10:00,1
2023-01-13 12:55:00,1
2023-01-14 09:15:00,1
2023-01-14 10:05:00,1
2023-01-15 00:35:00,1
2023-01-15 18:05:00,1
2023-01-16 08:10:00,1
2023-01-16 21:30:00,1
2023-01-17 22:55:00,1
2023-01-18 09:05:00,1
2023-01-18 09:45:00,1
2023-01-18 15:50:00,1
2023-01-18 20:35:00,1
2023-01-19 21:45:00,1
2023-01-20 04:55:00,1
2023-01-21 21:00:00,1
2023-01-21 22:30:00,0
2023-01-21 23:00:00,1
2023-01-23 19:40:00,1
2023-01-24 09:05:00,1
2023-01-24 20:45:00,1
2023-01-24 21:55:00,0
2023-01-25 00:25:00,1
2023-01-25 01:25:00,1
2023-01-25 09:05:00,0
2023-01-25 10:00:00,1
2023-01-25 14:00:00,0
2023-01-25 15:15:00,1
2023-01-26 06:25:00,1
2023-01-26 14:50:00,0
2023-01-27 12:40:00,1
2023-01-27 22:05:00,1
2023-01-28 06:25:00,0
2023-01-28 13:20:00,1
2023-01-28 20:35:00,1
2023-01-30 01:20:00,1
2023-01-30 07:20:00,0
2023-01-30 08:30:00,0
2023-01-30 10:55:00,0
2023-01-30 11:50:00,1
2023-01-30 19:10:00,0
2023-01-30 20:45:00,1
2023-01-31 06:00:00,1
2023-01-31 11:00:00,1
2023-01-31 20:35:00,0
2023-01-31 21:20:00,1
2023-02-01 06:20:00,0
2023-02-01 10:40:00,1
2023-02-01 15:50:00,1
2023-02-01 19:35:00,1
2023-02-02 06:00:00,0
2023-02-02 13:55:00,1
2023-02-02 15:00:00,1
2023-02-02 21:35:00,0
2023-02-03 13:35:00,1
2023-02-03 18:10:00,0
2023-02-05 13:55:00,1
2023-02-05 15:45:00,0
2023-02-05 17:35:00,1
2023-02-06 02:50:00,0
2023-02-06 03:35:00,1
2023-02-06 05:20:00,0
2023-02-06 06:15:00,1
2023-02-06 11:30:00,1
2023-02-06 21:55:00,0
2023-02-07 13:35:00,1
2023-02-07 18:30:00,1
2023-02-08 05:45:00,0
2023-02-08 12:55:00,0
2023-02-08 15:25:00,0
2023-02-08 18:55:00,1
2023-02-09 02:15:00,0
2023-02-09 12:35:00,1
2023-02-09 15:30:00,0
2023-02-09 19:15:00,0
2023-02-09 21:05:00,0
2023-02-16 07:00:00,0
2023-02-16 13:50:00,1
2023-02-16 20:20:00,0
2023-02-16 21:45:00,1
2023-02-16 22:20:00,0
2023-02-17 06:40:00,1
2023-02-17 08:00:00,1
2023-02-17 22:05:00,1
2023-02-18 07:10:00,0
2023-02-18 08:10:00,1
2023-02-18 10:40:00,1
2023-02-18 20:15:00,1
2023-02-19 06:35:00,1
2023-02-19 17:10:00,1
2023-02-20 22:30:00,1
2023-02-21 08:40:00,0
2023-02-21 20:30:00,0
2023-02-21 21:45:00,0
2023-02-22 15:15:00,1
2023-02-23 06:40:00,1
2023-02-23 09:35:00,0
2023-02-23 11:20:00,1
2023-02-23 17:00:00,1
2023-02-23 22:05:00,1
2023-02-24 05:10:00,1
2023-02-24 13:40:00,0
2023-02-24 17:05:00,0
2023-02-24 22:05:00,1
2023-03-14 07:50:00,1
2023-03-14 18:05:00,0
2023-03-14 20:40:00,1
2023-03-15 14:45:00,0
2023-03-16 09:15:00,1
2023-03-16 20:55:00,1
2023-03-17 14:40:00,1
2023-03-18 07:55:00,1
2023-03-18 15:35:00,0
2023-03-18 16:35:00,1
2023-03-18 21:50:00,0
2023-03-18 23:30:00,1
2023-03-19 06:00:00,0
2023-03-19 20:40:00,1
2023-03-20 13:35:00,0
2023-03-20 16:00:00,1
2023-03-20 23:40:00,0
2023-03-21 14:25:00,1
2023-03-22 07:35:00,1
2023-03-22 17:25:00,1
2023-03-22 18:40:00,0
2023-03-23 02:00:00,1
2023-03-23 11:15:00,1
2023-03-23 13:05:00,1
2023-03-23 18:50:00,1
2023-03-24 02:55:00,1
2023-03-24 08:10:00,0
2023-03-24 11:50:00,1
2023-03-24 17:20:00,0
2023-03-25 05:40:00,0
2023-03-25 06:20:00,0
2023-03-25 08:40:00,1
2023-03-25 17:30:00,0
2023-03-26 14:35:00,0
2023-03-28 00:55:00,1
2023-03-28 03:35:00,1
2023-03-28 08:00:00,0
2023-03-28 10:25:00,1
2023-03-28 17:20:00,1
2023-03-29 16:50:00,1
2023-03-29 22:05:00,1
2023-03-30 09:15:00,1
2023-03-30 13:55:00,0
2023-03-30 16:05:00,0
2023-03-30 22:50:00,1
2023-03-31 05:55:00,0
2023-04-01 06:20:00,0
2023-04-01 07:15:00,1
2023-04-01 12:10:00,1
2023-04-02 00:40:00,1
2023-04-02 05:00:00,1
2023-04-02 08:15:00,0
2023-04-02 12:30:00,0
2023-04-02 15:05:00,0
2023-04-03 02:55:00,0
2023-04-03 12:30:00,1
2023-04-03 14:40:00,0
2023-04-03 20:50:00,0
2023-04-04 04:40:00,1
2023-04-04 15:20:00,1
2023-04-04 23:25:00,1
2023-04-05 07:20:00,1
2023-04-05 12:35:00,1
2023-04-05 13:45:00,0
2023-04-05 15:20:00,1
2023-04-06 00:10:00,0
2023-04-06 10:05:00,1
2023-04-06 13:50:00,1
2023-04-06 19:00:00,1
2023-04-06 22:15:00,1
2023-04-07 02:35:00,1
2023-04-07 05:25:00,0
2023-04-07 07:35:00,1
2023-04-07 11:50:00,1
2023-04-07 20:55:00,1
2023-04-08 08:55:00,0
2023-04-08 12:45:00,1
2023-04-08 15:40:00,1
2023-04-08 17:45:00,0
2023-04-08 18:30:00,1
2023-04-09 06:00:00,0
2023-04-09 06:55:00,0
2023-04-09 08:50:00,1
2023-04-09 14:25:00,1
2023-04-10 05:00:00,1
2023-04-10 13:50:00,1
2023-04-11 06:00:00,1
2023-04-11 14:45:00,1
2023-04-12 02:10:00,0
2023-04-12 03:05:00,1
2023-04-12 05:50:00,1
2023-04-12 09:00:00,1
2023-04-12 15:15:00,1
2023-04-13 07:00:00,1
2023-04-13 19:55:00,0
2023-04-13 20:45:00,1
2023-04-14 12:50:00,0
2023-04-14 15:05:00,0
2023-04-14 16:20:00,0
2023-04-15 01:25:00,1
2023-04-15 11:50:00,1
2023-04-15 13:40:00,0
2023-04-16 01:15:00,1
2023-04-16 09:40:00,0
2023-04-16 12:00:00,1
2023-04-16 13:55:00,0
2023-04-16 20:00:00,0
2023-04-17 04:35:00,1
2023-04-17 07:55:00,0
2023-04-17 11:30:00,1
2023-04-17 13:15:00,0
2023-04-17 13:50:00,1
2023-04-17 23:45:00,0
2023-04-18 00:40:00,0
2023-04-18 15:15:00,0
2023-04-19 02:00:00,1
2023-04-19 06:20:00,0
2023-04-19 08:10:00,0
2023-04-19 09:45:00,1
2023-04-19 15:35:00,0
2023-04-19 23:55:00,1
2023-04-28 03:25:00,1
2023-04-28 08:20:00,0
2023-04-28 13:45:00,1
2023-04-29 00:55:00,1
2023-04-29 06:30:00,0
2023-04-29 10:35:00,1
2023-04-29 15:50:00,0
2023-04-29 17:35:00,1
2023-04-30 01:00:00,1
2023-04-30 11:35:00,1
2023-04-30 19:10:00,0
2023-05-01 01:40:00,0
2023-05-01 18:35:00,0
2023-05-01 19:40:00,1
2023-05-06 03:20:00,0
2023-05-06 08:05:00,0
2023-05-06 15:40:00,0
2023-05-06 21:40:00,1
2023-05-29 03:55:00,0
2023-05-29 15:00:00,1
2023-06-22 06:05:00,0
2023-06-22 11:10:00,1
2023-06-22 14:40:00,1
2023-06-22 21:30:00,0
2023-06-23 07:05:00,1
2023-06-23 19:40:00,1
2023-06-23 21:50:00,1
2023-06-25 07:25:00,0
2023-06-25 18:05:00,0
2023-06-25 20:55:00,1
2023-06-26 01:05:00,0
2023-06-26 01:15:00,1
2023-06-26 10:05:00,1
2023-06-26 16:40:00,0
2023-06-27 05:35:00,1
2023-06-27 15:45:00,1
2023-06-27 20:40:00,1
2023-06-27 22:55:00,1
2023-06-28 00:20:00,0
2023-06-28 07:35:00,1
2023-06-28 17:10:00,1
2023-06-29 14:55:00,1
2023-06-29 20:25:00,1
2023-06-30 13:40:00,1
2023-07-03 21:25:00,1
2023-07-04 04:20:00,0
2023-07-04 07:50:00,1
2023-07-04 18:05:00,1
2023-07-04 19:15:00,0
2023-07-05 11:55:00,0
2023-07-06 05:15:00,1
2023-07-06 11:55:00,0
2023-07-06 14:50:00,1
2023-07-06 22:55:00,0
2023-07-06 23:35:00,1
2023-07-07 07:35:00,0
2023-07-07 07:50:00,1
2023-07-07 17:50:00,1
2023-07-08 04:20:00,0
2023-07-08 06:25:00,1
2023-07-08 11:25:00,1
2023-07-08 19:05:00,0
2023-07-08 20:00:00,1
2023-07-09 06:10:00,1
2023-07-09 14:10:00,1
2023-07-09 17:20:00,0
2023-07-09 20:35:00,0
2023-07-10 06:00:00,1
2023-07-10 06:45:00,1
2023-07-10 22:00:00,1
2023-07-11 18:35:00,1
2023-07-12 00:55:00,1
2023-07-12 13:40:00,1
2023-07-12 15:40:00,0
2023-07-12 19:25:00,1
2023-07-13 12:35:00,1
2023-07-13 21:10:00,1
2023-07-14 06:50:00,0
2023-07-14 10:45:00,1
2023-07-14 12:55:00,1
2023-07-14 17:15:00,0
2023-07-14 19:20:00,1
2023-09-20 03:30:00,0
2023-09-20 05:20:00,1
2023-09-20 09:50:00,1
2023-09-20 19:20:00,1
2023-09-21 01:05:00,0
2023-09-21 09:20:00,0
2023-09-21 10:35:00,1
2023-09-21 10:55:00,0
2023-09-21 19:20:00,0
2023-09-29 02:40:00,1
2023-09-29 12:10:00,1
2023-09-29 13:50:00,0
2023-09-29 18:15:00,1
2023-09-30 11:45:00,1
2023-09-30 21:45:00,1
2023-10-01 14:45:00,1
2023-10-02 12:00:00,1
2023-10-02 15:50:00,0
2023-10-02 18:40:00,0
2023-10-03 22:25:00,1
2023-10-04 00:35:00,1
2023-10-04 14:00:00,1
2023-10-05 07:15:00,1
2023-10-05 15:30:00,0
2023-10-07 00:25:00,1
2023-10-07 13:45:00,1
2023-10-07 18:50:00,1
2023-10-08 04:15:00,0
2023-10-08 10:50:00,1
2023-10-08 18:20:00,1
2023-10-08 22:15:00,1
2023-10-09 05:25:00,0
2023-10-09 07:25:00,0
2023-10-09 08:50:00,0
2023-10-09 11:00:00,1
2023-10-09 16:45:00,1
2023-10-10 01:05:00,1
2023-10-10 05:10:00,1
2023-10-10 11:00:00,0
2023-10-10 11:55:00,0
2023-10-10 13:40:00,1
2023-10-10 18:55:00,1
2023-10-10 23:55:00,1
2023-10-17 00:30:00,0
2023-10-17 04:50:00,1
2023-10-17 13:00:00,1
2023-10-17 22:45:00,1
2023-10-18 07:50:00,1
2023-10-18 10:00:00,1
2023-10-19 17:45:00,1
2023-10-20 01:10:00,1
2023-10-20 12:30:00,1
2023-10-21 13:15:00,1
2023-10-21 23:25:00,1
2023-10-22 07:25:00,0
2023-10-22 08:25:00,1
2023-10-22 14:50:00,1
2023-10-22 19:55:00,0
2023-10-22 22:00:00,1
2023-10-23 07:55:00,1
2023-10-23 13:35:00,1
2023-10-24 05:55:00,1
2023-10-24 14:20:00,1
2023-10-24 15:20:00,0
2023-10-24 18:25:00,1
2023-10-24 21:05:00,1
2023-10-25 07:30:00,1
2023-10-25 23:05:00,1
2023-10-26 05:30:00,0
2023-10-26 06:30:00,1
2023-10-26 09:30:00,0
2023-10-26 11:20:00,1
2023-10-26 14:40:00,1
2023-10-27 00:20:00,0
2023-10-27 01:50:00,1
2023-10-27 07:55:00,1
2023-10-27 11:30:00,1
2023-10-27 14:25:00,0
2023-10-27 18:10:00,0
2023-10-28 12:50:00,1
2023-10-28 22:35:00,1
2023-10-29 22:00:00,1
2023-10-30 00:40:00,0
2023-10-30 02:55:00,0
2023-10-30 03:10:00,1
2023-10-30 05:30:00,1
2023-10-30 07:25:00,1
2023-10-30 16:30:00,0
2023-10-31 02:20:00,0
2023-10-31 05:10:00,1
2023-10-31 07:35:00,1
2023-10-31 12:50:00,1
2023-10-31 21:50:00,1
2023-11-01 14:55:00,1
2023-11-02 05:05:00,0
2023-11-02 06:45:00,1
2023-11-02 13:15:00,0
2023-11-02 13:45:00,1
2023-11-05 06:45:00,1
2023-11-05 08:50:00,1
2023-11-05 14:00:00,1
2023-11-05 21:25:00,0
2023-11-06 01:50:00,1
2023-11-06 13:25:00,1
2023-11-06 16:50:00,1
2023-11-07 00:35:00,0
2023-11-07 10:05:00,1
2023-11-07 22:20:00,1
2023-11-09 16:10:00,0
2023-11-09 17:00:00,1
2023-11-10 07:30:00,0
2023-11-10 20:20:00,1
2023-11-10 22:45:00,0
2023-11-11 01:20:00,0
2023-11-11 01:50:00,1
2023-11-11 16:00:00,1
2023-11-11 20:35:00,0
2023-11-11 22:35:00,1
2023-11-12 00:50:00,1
2023-11-12 09:45:00,1
2023-11-12 12:25:00,1
2023-11-12 18:10:00,1
2023-11-12 23:20:00,1
2023-11-13 03:40:00,0
2023-11-13 11:15:00,0
2023-11-13 12:05:00,1
2023-11-13 14:45:00,1
2023-11-13 17:20:00,0
2023-11-13 21:30:00,0
2023-11-14 16:05:00,1
2023-11-14 18:00:00,0
2023-11-14 19:50:00,1
2023-11-15 02:00:00,1
2023-11-16 01:50:00,0
2023-11-16 09:10:00,0
2023-11-16 11:55:00,0
2023-11-16 14:10:00,0
2023-11-16 15:45:00,0
2023-11-17 14:45:00,0
2023-11-18 05:10:00,0
2023-11-18 20:15:00,1
2023-11-19 10:30:00,0
2023-11-19 12:25:00,1
2023-11-19 14:15:00,1
2023-11-20 03:45:00,1
2023-11-20 11:55:00,0
2023-11-20 14:15:00,1
2023-11-20 17:30:00,0
2023-11-20 21:20:00,1
2023-11-21 00:50:00,1
2023-11-21 04:55:00,0
2023-11-21 07:10:00,1
2023-11-21 11:20:00,0
2023-11-21 13:20:00,1
2023-11-21 13:40:00,0
2023-11-21 21:50:00,0
2023-11-23 03:10:00,1
2023-11-23 11:15:00,0
2023-11-23 11:50:00,1
2023-11-23 14:30:00,0
2023-11-24 16:55:00,0
2023-11-27 12:30:00,1
2023-11-27 19:50:00,1
2023-11-28 03:50:00,0
2023-11-28 21:55:00,0
2023-11-29 00:10:00,1
2023-11-29 10:40:00,1
2023-11-29 14:35:00,0
2023-11-29 16:40:00,1
2023-11-29 20:35:00,1
2023-11-30 06:50:00,0
2023-11-30 09:00:00,0
2023-11-30 13:55:00,1
2023-12-01 12:45:00,1
2023-12-01 22:55:00,1
2023-12-02 15:05:00,1
2023-12-03 02:55:00,1
2023-12-03 12:55:00,1
2023-12-03 17:30:00,1
2023-12-04 15:30:00,0
2023-12-05 06:40:00,0
2023-12-05 08:35:00,1
2023-12-06 02:25:00,1
2023-12-06 06:25:00,1
2023-12-06 11:20:00,1
2023-12-06 15:50:00,1
2023-12-06 21:00:00,1
2023-12-07 06:50:00,0
2023-12-07 10:15:00,1
2023-12-07 17:45:00,1
2023-12-08 23:45:00,1
2023-12-09 07:30:00,0
2023-12-09 09:45:00,1
2023-12-09 14:50:00,1
2023-12-09 23:10:00,0
2023-12-10 08:45:00,1
2023-12-10 17:30:00,1
2023-12-10 19:35:00,1
2023-12-10 23:15:00,0
2023-12-11 05:25:00,0
2023-12-11 06:40:00,1
2023-12-11 13:30:00,0
2023-12-11 14:20:00,1
2023-12-11 16:10:00,0
2023-12-11 17:55:00,0
2023-12-11 19:20:00,1
2023-12-12 04:40:00,0
2023-12-12 11:45:00,1
2023-12-12 14:45:00,0
2023-12-12 15:15:00,0
2023-12-12 17:30:00,1
2023-12-13 01:25:00,0
2023-12-13 02:25:00,1
2023-12-13 11:50:00,1
2023-12-14 13:10:00,0
2023-12-14 13:30:00,1
2023-12-15 03:20:00,1
2023-12-15 12:15:00,0
2023-12-15 13:20:00,0
2023-12-15 15:15:00,0
2023-12-15 16:50:00,1
2023-12-15 22:30:00,0
2023-12-16 22:10:00,0
2023-12-17 05:55:00,1
2023-12-17 08:15:00,1
2023-12-17 13:25:00,0
2023-12-17 14:50:00,1
2023-12-17 21:20:00,0
2023-12-17 23:00:00,0
2023-12-19 04:45:00,1
2023-12-19 12:50:00,1
2023-12-19 14:05:00,0
2023-12-19 14:35:00,0
2023-12-19 17:45:00,1
2023-12-20 17:15:00,1
2023-12-20 19:55:00,0
2023-12-20 21:00:00,1
2023-12-21 14:20:00,1
2023-12-22 07:35:00,1
2023-12-23 01:55:00,0
2023-12-23 04:05:00,1
2023-12-23 11:20:00,1
2023-12-24 00:10:00,1
2023-12-24 05:15:00,0
2023-12-24 06:50:00,1
2023-12-24 10:20:00,1
2023-12-24 16:05:00,0
2023-12-24 22:15:00,1
2023-12-25 16:50:00,1
2023-12-26 00:55:00,1
2023-12-26 05:15:00,0
2023-12-26 08:20:00,1
2023-12-26 09:45:00,0
2023-12-26 10:20:00,1
2023-12-26 15:05:00,0
2023-12-26 17:40:00,1
2023-12-28 02:10:00,1
2023-12-28 05:15:00,0
2023-12-28 14:10:00,0
2023-12-28 15:30:00,1
2023-12-28 21:50:00,1
2024-01-02 11:40:00,1
2024-01-02 14:40:00,0
2024-01-02 21:00:00,1
2024-01-03 07:50:00,1
2024-01-03 11:10:00,0
2024-01-03 19:00:00,1
2024-01-05 00:40:00,1
2024-01-05 01:20:00,0
2024-01-05 02:20:00,1
2024-01-05 11:00:00,1
2024-01-05 14:45:00,1
2024-01-06 02:15:00,0
2024-01-06 05:45:00,0
2024-01-06 20:15:00,1
2024-01-07 02:40:00,1
2024-01-07 06:00:00,1
2024-01-07 09:35:00,1
2024-01-07 15:30:00,0
2024-01-07 22:20:00,0
2024-01-08 01:00:00,0
2024-01-08 09:55:00,1
2024-01-09 00:40:00,1
2024-01-09 22:00:00,1
2024-01-10 20:15:00,1
2024-01-11 05:15:00,0
2024-01-11 06:55:00,0
2024-01-11 15:50:00,0
2024-01-12 17:15:00,1
2024-01-12 18:40:00,1
2024-01-12 21:45:00,0
2024-01-12 22:05:00,1
2024-01-30 06:35:00,1
2024-01-30 08:05:00,1
2024-01-30 13:30:00,1
2024-01-30 16:20:00,1
2024-01-30 22:50:00,0
2024-02-09 14:25:00,1
2024-02-09 22:40:00,0
2024-02-10 10:50:00,1
2024-02-11 10:50:00,1
2024-02-11 13:25:00,1
2024-02-11 18:35:00,1
2024-02-11 20:50:00,1
2024-02-12 02:40:00,0
2024-02-12 06:50:00,1
2024-02-12 09:45:00,0
2024-02-12 11:35:00,1
2024-02-13 03:45:00,1
2024-02-13 10:50:00,0
2024-02-13 14:00:00,0
2024-02-13 14:45:00,1
2024-02-14 04:35:00,1
2024-02-14 19:20:00,1
2024-02-15 01:35:00,1
2024-02-15 05:50:00,0
2024-02-15 07:45:00,1
2024-02-15 15:35:00,0
2024-02-18 02:10:00,1
2024-02-18 12:55:00,1
2024-02-18 18:40:00,1
2024-02-18 20:25:00,1
2024-02-19 03:45:00,1
2024-02-19 08:50:00,1
2024-02-19 13:50:00,1
2024-02-19 16:55:00,1
2024-02-19 19:10:00,1
2024-02-19 23:50:00,0
2024-02-20 01:25:00,1
2024-02-20 08:20:00,1
2024-02-20 15:20:00,0
2024-02-20 17:40:00,1
2024-02-21 04:20:00,0
2024-02-21 05:40:00,0
2024-02-21 07:45:00,1
2024-02-21 09:20:00,0
2024-02-21 11:35:00,0
2024-02-21 17:45:00,1
2024-02-22 01:50:00,1
2024-02-22 11:05:00,0
2024-02-22 14:05:00,1
2024-02-22 22:30:00,0
2024-02-23 22:25:00,0
2024-02-24 00:15:00,1
2024-02-24 01:55:00,1
2024-02-25 00:35:00,1
2024-02-25 08:55:00,1
2024-02-25 15:50:00,1
2024-02-26 00:15:00,1
2024-02-26 01:15:00,0
2024-02-26 08:45:00,0
2024-02-26 10:10:00,0
2024-02-27 07:35:00,1
2024-02-27 16:10:00,1
2024-02-28 01:45:00,1
2024-02-28 18:20:00,1
2024-02-29 13:30:00,1
2024-02-29 16:25:00,0
2024-02-29 17:30:00,0
2024-02-29 18:30:00,1
2024-02-29 21:10:00,1
2024-03-01 14:35:00,0
2024-03-01 16:20:00,1
2024-03-02 01:15:00,1
2024-03-02 05:20:00,1
2024-03-02 09:40:00,1
2024-03-02 14:00:00,0
2024-03-02 23:00:00,1
2024-03-03 02:25:00,1
2024-03-03 06:10:00,1
2024-03-03 07:25:00,0
2024-03-03 08:00:00,1
2024-03-05 04:50:00,0
2024-03-05 05:40:00,1
2024-03-05 07:40:00,0
2024-03-05 16:05:00,0
2024-03-05 16:35:00,0
2024-03-06 03:00:00,1
2024-03-06 12:45:00,1
2024-03-06 22:25:00,0
2024-03-07 21:15:00,1
2024-03-08 16:05:00,1
2024-03-10 14:00:00,1
2024-03-10 22:05:00,0
2024-03-10 22:45:00,0
2024-03-11 01:35:00,1
2024-03-11 19:40:00,1
2024-03-11 23:35:00,1
2024-03-12 03:20:00,0
2024-03-12 03:50:00,1
2024-03-12 06:25:00,1
2024-03-12 12:30:00,1
2024-03-12 16:20:00,0
2024-03-12 20:35:00,1
2024-03-13 12:35:00,0
2024-03-13 13:40:00,1
2024-03-14 01:05:00,1
2024-03-14 04:50:00,1
2024-03-14 10:50:00,0
2024-03-14 13:25:00,0
2024-03-14 14:50:00,0
2024-03-14 16:15:00,1
2024-03-14 18:20:00,0
2024-03-14 19:25:00,1
2024-03-15 02:25:00,0
2024-03-15 04:05:00,1
2024-03-15 08:30:00,0
2024-03-15 16:10:00,1
2024-03-15 20:10:00,1
2024-03-16 05:20:00,1
2024-03-16 10:05:00,0
2024-03-16 12:05:00,1
2024-03-16 14:00:00,1
2024-03-16 17:30:00,0
2024-03-16 21:10:00,0
2024-03-16 23:30:00,1
2024-03-18 00:40:00,1
2024-03-18 08:10:00,0
2024-03-18 13:50:00,0
2024-03-19 02:50:00,0
2024-03-19 04:20:00,0
2024-03-19 08:30:00,0
2024-03-19 14:25:00,1
2024-03-19 20:05:00,0
2024-03-19 23:55:00,1
2024-03-21 03:30:00,0
2024-03-21 04:15:00,1
2024-03-21 09:45:00,1
2024-03-21 15:15:00,1
2024-03-21 17:45:00,0
2024-03-21 19:00:00,1
2024-03-21 20:05:00,1
2024-03-25 07:50:00,1
2024-03-25 21:20:00,1
2024-03-26 13:40:00,0
2024-03-26 16:45:00,1
2024-03-26 19:25:00,1
2024-03-27 07:15:00,0
2024-03-27 08:45:00,1
2024-03-27 14:05:00,1
2024-03-28 18:55:00,1
2024-03-29 03:25:00,0
2024-03-29 05:25:00,1
2024-03-29 07:35:00,0
2024-03-29 10:05:00,1
2024-03-29 15:05:00,0
2024-03-29 16:25:00,1
2024-03-29 21:35:00,1
2024-03-30 14:50:00,1
2024-03-30 18:20:00,0
2024-03-30 19:15:00,1
2024-04-01 02:35:00,1
2024-04-01 03:15:00,0
2024-04-01 04:45:00,0
2024-04-01 08:25:00,1
2024-04-01 14:30:00,0
2024-04-01 15:35:00,1
2024-04-02 00:20:00,0
2024-04-02 02:25:00,0
2024-04-02 04:50:00,1
2024-04-02 08:00:00,0
2024-04-02 10:50:00,1
2024-04-02 16:00:00,1
2024-04-02 21:35:00,1
2024-04-09 00:30:00,0
2024-04-09 01:40:00,1
2024-04-09 04:10:00,0
2024-04-09 06:50:00,0
2024-04-09 14:00:00,0
2024-04-09 15:30:00,1
2024-04-09 16:55:00,1
2024-04-09 23:30:00,1
2024-04-11 11:40:00,0
2024-04-11 12:15:00,1
2024-04-11 13:45:00,1
2024-05-16 06:05:00,1
2024-05-16 15:00:00,0
2024-05-18 06:25:00,1
2024-05-18 13:00:00,0
2024-05-18 14:45:00,1
2024-05-19 06:35:00,1
2024-05-19 09:30:00,1
2024-05-19 12:30:00,0
2024-05-19 19:45:00,1
2024-05-20 06:55:00,1
2024-05-21 04:55:00,1
2024-05-21 13:55:00,0
2024-05-21 16:40:00,1
2024-05-22 03:10:00,0
2024-05-22 11:55:00,0
2024-05-22 13:45:00,1
2024-05-22 17:45:00,0
2024-05-22 21:10:00,1
2024-05-22 22:45:00,1
2024-05-23 13:00:00,0
2024-05-23 17:55:00,0
2024-05-23 18:45:00,1
2024-05-23 20:05:00,1
2024-05-24 05:05:00,0
2024-05-24 06:30:00,1
2024-05-24 13:55:00,1
2024-05-24 23:35:00,1
2024-05-25 12:05:00,1
2024-05-26 12:20:00,1
2024-05-26 15:50:00,1
2024-05-27 05:00:00,0
2024-05-27 06:00:00,1
2024-05-27 11:40:00,1
2024-05-27 19:50:00,0
2024-05-28 04:45:00,1
2024-05-28 08:05:00,0
2024-05-28 13:50:00,1
2024-05-28 17:05:00,1
2024-05-28 18:40:00,1
2024-05-29 05:15:00,0
2024-05-29 07:10:00,0
2024-05-29 08:40:00,1
2024-05-29 09:25:00,1
2024-05-29 16:05:00,1
2024-05-31 05:25:00,0
2024-05-31 09:20:00,1
2024-05-31 13:35:00,0
2024-05-31 15:35:00,0
2024-05-31 16:45:00,1
2024-05-31 23:20:00,1
2024-06-04 00:20:00,1
2024-06-04 06:00:00,1
2024-06-04 09:05:00,1
2024-06-04 19:40:00,1
2024-06-05 14:10:00,1
2024-06-05 18:30:00,0
2024-06-07 01:40:00,1
2024-06-07 12:40:00,0
2024-06-07 18:50:00,1
2024-06-08 04:25:00,1
2024-06-08 12:05:00,1
2024-06-08 20:35:00,0
2024-06-10 00:15:00,1
2024-06-10 03:50:00,0
2024-06-10 06:50:00,1
2024-06-10 19:10:00,0
2024-06-11 01:55:00,0
2024-06-11 03:20:00,1
2024-06-11 04:15:00,0
2024-06-11 07:55:00,0
2024-06-11 11:00:00,1
2024-06-11 15:45:00,1
2024-07-16 05:20:00,0
2024-07-16 06:45:00,0
2024-07-16 07:20:00,1
2024-07-16 14:05:00,1
2024-07-16 22:10:00,1
2024-07-17 07:35:00,0
2024-07-17 11:20:00,1
2024-07-17 16:15:00,1
2024-07-19 22:55:00,0
2024-07-20 01:55:00,1
2024-07-20 13:15:00,1
2024-07-20 21:05:00,1
2024-07-21 04:35:00,0
2024-07-21 06:20:00,1
2024-07-21 13:35:00,1
2024-07-21 17:55:00,1
2024-07-22 05:20:00,0
2024-07-22 06:00:00,0
2024-07-22 07:05:00,1
2024-07-22 13:55:00,1
2024-07-22 23:10:00,1
2024-07-23 01:30:00,1
2024-07-23 04:35:00,0
2024-07-23 07:30:00,1
2024-07-23 11:15:00,0
2024-07-23 13:50:00,1
2024-07-23 16:40:00,0
2024-07-24 01:50:00,1
2024-07-24 05:20:00,1
2024-07-24 15:25:00,0
2024-07-24 21:40:00,0
2024-07-25 03:05:00,1
2024-07-25 08:05:00,1
2024-07-25 12:45:00,1
2024-07-25 18:55:00,1
2024-07-26 14:40:00,1
2024-07-27 02:00:00,1
2024-07-27 17:20:00,1
2024-07-27 19:05:00,0
2024-07-27 20:50:00,1
2024-07-28 00:00:00,0
2024-07-28 04:25:00,0
2024-07-28 08:40:00,1
2024-07-28 15:40:00,0
2024-07-28 21:10:00,1
2024-07-29 12:15:00,1
2024-07-29 13:45:00,0
2024-07-29 16:10:00,0
2024-07-29 21:25:00,1
2024-07-29 23:10:00,0
2024-07-29 23:45:00,0
2024-07-30 01:50:00,1
2024-07-30 09:50:00,1
2024-07-30 14:30:00,0
2024-07-30 17:30:00,1
2024-07-31 10:45:00,1
2024-07-31 18:25:00,0
2024-07-31 21:30:00,0
2024-08-24 01:25:00,1
2024-08-24 11:00:00,1
2024-08-24 21:05:00,0
2024-08-25 03:40:00,1
2024-08-25 07:00:00,0
2024-08-25 07:40:00,1
2024-08-26 01:55:00,1
2024-08-26 05:30:00,0
2024-08-26 06:55:00,0
2024-08-26 09:35:00,1
2024-08-26 12:40:00,0
2024-08-26 14:40:00,1
2024-08-26 17:50:00,0
2024-09-14 02:55:00,0
2024-09-14 05:50:00,0
2024-09-14 10:50:00,1
2024-09-14 18:10:00,1
2024-09-18 00:35:00,1
2024-09-18 05:45:00,1
2024-09-18 08:15:00,0
2024-09-18 13:45:00,1
2024-09-18 20:15:00,1
2024-09-19 06:10:00,1
2024-09-19 20:05:00,0
2020-02-27 03:50:00,0
2020-02-27 15:10:00,1
2020-02-28 00:30:00,1
2020-02-28 13:20:00,0
2020-03-02 21:45:00,1
2020-03-03 03:05:00,1
2020-03-03 09:50:00,1
2020-03-03 15:05:00,0
2020-03-05 11:50:00,1
2020-03-05 16:00:00,0
2020-03-09 16:35:00,0
2020-03-10 12:30:00,1
2020-03-10 19:25:00,0
2020-03-10 21:05:00,1
2020-03-11 08:05:00,1
2020-03-11 13:15:00,1
2020-03-11 18:55:00,1
2020-03-13 07:55:00,0
2020-03-13 20:40:00,1
2020-03-15 04:35:00,0
2020-03-15 10:20:00,1
2020-03-15 21:15:00,0
2020-03-16 12:10:00,0
2020-03-17 00:00:00,1
2020-03-17 01:00:00,0
2020-03-17 02:35:00,0
2020-03-17 08:05:00,1
2020-03-17 15:15:00,0
2020-03-17 17:50:00,0
2020-03-18 03:15:00,1
2020-03-18 13:35:00,0
2020-03-19 12:00:00,0
2020-03-19 14:00:00,0
2020-03-19 22:30:00,1
2020-03-20 04:45:00,0
2020-03-20 07:45:00,0
2020-03-20 09:40:00,0
2020-03-20 14:30:00,1
2020-03-20 22:00:00,1
2020-03-22 21:15:00,1
2020-03-23 03:25:00,1
2020-03-23 11:05:00,0
2020-03-23 16:50:00,0
2020-03-28 08:15:00,1
2020-03-28 20:05:00,1
2020-03-29 10:55:00,1
2020-03-30 01:35:00,0
2020-03-30 02:55:00,0
2020-03-30 06:45:00,0
2020-03-30 07:40:00,0
2020-03-30 21:50:00,1
2020-06-28 06:15:00,0
2020-06-28 08:00:00,0
2020-06-28 08:50:00,0
2020-06-28 18:35:00,1
2020-07-04 02:20:00,1
2020-07-04 13:55:00,1
2020-07-04 17:35:00,1
2020-09-04 08:05:00,1
2020-09-04 16:45:00,1
2020-09-05 14:00:00,1
2020-09-05 23:40:00,1
2020-09-07 13:55:00,0
2020-09-08 06:55:00,1
2020-09-08 14:15:00,1
2020-09-08 22:35:00,0
2020-09-14 16:55:00,1
2020-09-22 06:05:00,1
2020-09-22 10:05:00,1
2020-09-22 11:30:00,1
2020-09-22 13:05:00,1
2020-09-24 01:05:00,0
2020-09-24 03:35:00,1
2020-09-24 06:05:00,0
2020-09-24 11:00:00,0
2020-09-24 15:25:00,0
2020-09-24 18:05:00,1
2020-09-24 22:20:00,0
2020-09-24 23:30:00,1
2021-01-28 02:10:00,0
2021-01-28 15:05:00,0
2021-01-28 19:25:00,0
2021-01-28 22:30:00,0
2021-04-19 01:00:00,1
2021-04-19 19:50:00,1
2021-04-20 04:20:00,1
2021-04-20 08:50:00,0
2021-04-20 11:15:00,1
2021-04-20 17:55:00,0
2021-04-20 20:00:00,1
2021-04-22 01:20:00,1
2021-04-22 05:55:00,1
2021-04-22 11:20:00,1
2021-04-23 10:10:00,0
2021-04-23 19:15:00,1
2021-04-24 12:45:00,0
2021-04-24 18:20:00,1
2021-04-25 08:50:00,1
2021-04-25 12:55:00,0
2021-04-25 23:30:00,0
2021-04-26 03:50:00,0
2021-04-26 09:50:00,0
2021-05-13 04:05:00,1
2021-05-13 12:25:00,1
2021-05-13 21:15:00,1
2021-05-14 00:05:00,0
2021-05-15 01:20:00,1
2021-05-15 12:35:00,1
2021-05-15 20:05:00,1
2021-05-16 23:45:00,1
2021-05-17 06:05:00,1
2021-05-19 07:50:00,1
2021-05-19 16:35:00,1
2021-05-20 02:35:00,0
2021-05-20 06:45:00,1
2021-05-20 10:50:00,0
2021-05-20 20:10:00,0
2021-05-21 00:35:00,1
2021-05-21 07:00:00,1
2021-05-21 22:35:00,1
2021-05-22 08:45:00,0
2021-05-22 10:35:00,0
2021-05-22 12:05:00,1
2021-05-22 15:40:00,1
2021-05-23 20:05:00,0
2021-05-23 23:25:00,0
2021-05-24 07:00:00,0
2021-05-24 12:15:00,0
2021-05-24 18:30:00,0
2021-05-24 19:45:00,1
2021-05-25 13:40:00,0
2021-05-26 03:20:00,0
2021-05-26 07:55:00,0
2021-05-26 08:05:00,0
2021-05-26 12:10:00,1
2021-05-26 21:10:00,0
2021-05-26 23:50:00,1
2021-05-27 05:50:00,0
2021-05-27 10:15:00,0
2021-05-27 13:25:00,1
2021-05-27 21:40:00,1
2021-05-28 12:15:00,1
2021-05-29 20:40:00,1
2021-05-30 02:30:00,0
2021-05-30 04:35:00,0
2021-05-30 11:55:00,1
2021-05-30 16:25:00,1
2021-05-31 06:20:00,0
2021-05-31 08:15:00,0
2021-05-31 10:05:00,0
2021-06-01 00:55:00,1
2021-06-01 05:50:00,1
2021-06-01 13:35:00,0
2021-06-03 08:25:00,0
2021-06-03 13:05:00,1
2021-06-03 16:40:00,1
2021-06-04 12:50:00,1
2021-06-06 00:30:00,0
2021-06-06 06:05:00,1
2021-06-06 08:20:00,1
2021-06-06 09:00:00,1
2021-06-06 14:55:00,1
2021-06-07 00:15:00,0
2021-06-07 09:30:00,0
2021-06-07 12:35:00,1
2021-06-08 07:30:00,1
2021-06-08 18:10:00,0
2021-06-08 21:55:00,1
2021-06-09 05:10:00,0
2021-06-09 06:00:00,0
2021-06-09 07:30:00,1
2021-06-09 10:40:00,0
2021-06-09 15:05:00,0
2021-06-11 03:05:00,0
2021-06-11 19:00:00,1
2021-06-13 01:05:00,1
2021-06-13 07:00:00,0
2021-06-13 10:30:00,0
2021-06-13 16:15:00,0
2021-06-13 19:40:00,0
2021-06-13 22:05:00,1
2021-06-19 01:15:00,1
2021-06-19 06:40:00,0
2021-06-19 12:10:00,1
2021-06-19 14:35:00,1
2021-06-19 19:25:00,1
2021-06-20 01:25:00,1
2021-06-20 15:00:00,0
2021-06-20 16:20:00,0
2021-06-20 19:20:00,0
2021-06-20 21:35:00,1
2021-06-21 13:50:00,1
2021-06-22 01:05:00,1
2021-06-22 14:55:00,0
2021-06-22 16:50:00,0
2021-06-23 01:55:00,0
2021-06-23 23:35:00,1
2021-06-24 06:00:00,0
2021-06-24 09:40:00,0
2021-06-24 12:55:00,0
2021-06-24 16:55:00,0
2021-06-24 18:40:00,1
2021-06-25 00:25:00,1
2021-06-25 02:05:00,1
2021-06-26 00:35:00,1
2021-06-26 09:40:00,0
2021-06-27 01:00:00,0
2021-06-27 02:45:00,1
2021-06-27 11:35:00,0
2021-07-02 00:10:00,1
2021-07-02 07:45:00,0
2021-07-02 11:15:00,0
2021-07-02 15:00:00,1
2021-07-02 21:35:00,0
2021-07-09 02:25:00,0
2021-07-09 12:50:00,0
2021-07-09 15:55:00,1
2021-07-09 21:35:00,1
2021-07-14 00:05:00,1
2021-07-14 09:05:00,0
2021-07-14 14:25:00,1
2021-07-14 22:35:00,1
2021-07-15 00:50:00,1
2021-07-15 09:20:00,1
2021-07-15 19:20:00,1
2021-07-16 13:00:00,1
2021-07-19 20:50:00,0
2021-07-20 15:30:00,1
2021-07-20 18:55:00,0
2021-07-20 20:35:00,1
2021-07-20 23:45:00,0
2021-07-21 06:15:00,0
2021-07-21 10:00:00,0
2021-07-21 18:10:00,1
2021-07-21 22:25:00,0
2021-09-11 00:15:00,0
2021-09-11 12:25:00,1
2021-09-14 03:50:00,0
2021-09-14 06:45:00,0
2021-09-14 12:35:00,0
2021-09-14 22:25:00,0
2021-09-21 02:55:00,1
2021-09-21 06:30:00,0
2021-09-21 10:50:00,1
2021-09-21 15:45:00,1
2021-09-22 01:10:00,0
2021-09-22 18:05:00,0
2021-09-23 18:30:00,1
2021-09-25 09:30:00,1
2021-09-26 09:25:00,0
2021-09-27 09:25:00,1
2021-09-27 14:35:00,1
2021-09-27 21:55:00,1
2021-09-28 04:20:00,1
2021-09-28 13:10:00,1
2021-09-28 19:15:00,1
2021-09-28 20:05:00,1
2021-09-29 03:50:00,1
2021-09-29 22:55:00,0
2021-09-30 03:40:00,1
2021-09-30 12:35:00,1
2021-09-30 17:50:00,0
2021-09-30 22:25:00,1
2021-11-19 05:55:00,1
2021-11-19 08:20:00,0
2021-11-19 17:05:00,1
2021-11-20 00:10:00,0
2021-11-20 06:25:00,1
2021-11-20 18:20:00,1
2021-11-20 21:15:00,0
2021-11-20 23:45:00,1
2021-11-22 07:05:00,1
2021-11-22 13:35:00,1
2021-11-22 22:45:00,1
2021-11-23 09:10:00,1
2021-11-23 09:45:00,0
2021-11-25 15:50:00,0
2021-11-25 17:45:00,1
2021-11-25 23:05:00,1
2021-11-27 00:40:00,1
2021-11-28 19:10:00,0
2021-11-28 23:05:00,1
2021-12-04 14:15:00,0
2021-12-04 16:35:00,0
2021-12-04 20:10:00,1
2021-12-04 22:35:00,1
2021-12-05 06:00:00,1
2021-12-05 12:25:00,1
2021-12-05 17:30:00,1
2021-12-06 08:05:00,1
2021-12-06 11:45:00,0
2021-12-07 01:25:00,1
2021-12-08 06:20:00,1
2021-12-08 14:20:00,0
2021-12-08 19:30:00,1
2021-12-09 00:15:00,1
2021-12-09 07:35:00,1
2021-12-09 21:45:00,0
2021-12-10 00:35:00,1
2021-12-11 00:30:00,0
2021-12-12 17:05:00,1
2021-12-13 05:50:00,1
2021-12-13 12:15:00,1
2021-12-13 22:10:00,0
2021-12-14 22:20:00,1
2021-12-15 00:25:00,1
2021-12-15 03:55:00,0
2021-12-15 09:00:00,1
2021-12-15 18:25:00,0
2021-12-15 19:00:00,0
2021-12-15 20:55:00,1
2021-12-16 06:50:00,0
2021-12-16 10:40:00,1
2021-12-16 20:30:00,1
2021-12-17 16:20:00,1
2021-12-18 03:35:00,0
2021-12-18 06:10:00,1
2021-12-18 08:20:00,0
2021-12-18 15:20:00,1
2021-12-18 21:00:00,1
2021-12-19 02:40:00,0
2021-12-19 05:15:00,1
2021-12-19 13:10:00,1
2021-12-19 14:00:00,1
2021-12-19 22:15:00,1
2021-12-20 01:15:00,1
2021-12-20 15:00:00,0
2021-12-21 03:15:00,0
2021-12-21 05:55:00,0
2021-12-21 20:05:00,0
2021-12-23 02:15:00,1
2021-12-23 11:10:00,0
2021-12-23 13:05:00,0
2021-12-23 20:50:00,1
2021-12-29 01:15:00,1
2021-12-29 09:55:00,1
2021-12-29 14:00:00,1
2021-12-30 04:20:00,0
2021-12-30 16:50:00,1
2021-12-31 03:45:00,1
2021-12-31 08:25:00,1
2022-01-01 00:45:00,0
2022-01-01 05:25:00,1
2022-01-03 23:20:00,1
2022-01-04 03:45:00,0
2022-01-04 11:05:00,0
2022-01-05 01:05:00,0
2022-01-05 14:55:00,1
2022-01-06 13:00:00,0
2022-01-07 08:30:00,1
2022-01-07 16:55:00,1
2022-01-08 21:25:00,0
2022-01-09 02:20:00,1
2022-01-09 11:15:00,1
2022-01-09 16:35:00,0
2022-01-09 17:20:00,0
2022-01-10 02:50:00,1
2022-01-10 16:20:00,0
2022-01-12 12:30:00,0
2022-01-12 14:55:00,1
2022-01-12 17:55:00,0
2022-01-13 04:45:00,0
2022-01-13 09:00:00,1
2022-01-13 14:00:00,0
2022-01-14 04:25:00,1
2022-01-14 14:10:00,0
2022-01-14 15:50:00,1
2022-01-14 19:15:00,1
2022-01-15 14:45:00,0
2022-01-16 07:00:00,1
2022-01-16 14:35:00,1
2022-01-16 22:10:00,1
2022-01-17 06:25:00,1
2022-01-17 22:40:00,1
2022-01-18 19:55:00,1
2022-01-18 21:15:00,0
2022-01-19 11:10:00,0
2022-01-20 14:35:00,0
2022-01-20 16:30:00,1
2022-01-21 07:50:00,1
2022-01-21 15:50:00,1
2022-01-22 10:35:00,1
2022-01-24 14:40:00,0
2022-01-24 20:00:00,0
2022-01-25 04:00:00,1
2022-01-25 08:05:00,0
2022-01-25 14:40:00,1
2022-01-25 16:55:00,0
2022-01-26 08:35:00,0
2022-01-26 11:00:00,0
2022-01-27 00:20:00,1
2022-01-27 06:55:00,0
2022-01-27 09:00:00,1
2022-01-27 22:40:00,0
2022-01-28 00:30:00,1
2022-01-28 03:10:00,1
2022-01-28 13:35:00,0
2022-01-28 22:40:00,1
2022-01-29 00:25:00,1
2022-01-29 03:35:00,0
2022-01-29 13:35:00,1
2022-01-29 18:50:00,0
2022-01-29 21:00:00,1
2022-01-30 23:05:00,1
2022-01-31 06:30:00,1
2022-01-31 07:40:00,0
2022-01-31 14:55:00,0
2022-01-31 16:05:00,0
2022-01-31 18:20:00,1
2022-01-31 22:35:00,1
2022-02-01 02:40:00,0
2022-02-01 12:25:00,0
2022-02-01 13:45:00,1
2022-02-01 16:10:00,1
2022-02-02 19:35:00,1
2022-02-03 05:20:00,1
2022-02-03 12:00:00,0
2022-02-04 02:20:00,0
2022-02-04 08:10:00,0
2022-02-04 15:05:00,0
2022-02-04 18:25:00,0
2022-02-19 00:20:00,0
2022-02-19 06:40:00,1
2022-02-19 13:55:00,1
2022-02-21 01:00:00,0
2022-02-21 02:05:00,1
2022-02-21 04:55:00,1
2022-02-21 14:20:00,1
2022-02-22 05:50:00,0
2022-02-22 15:15:00,1
2022-02-24 07:50:00,0
2022-02-24 20:55:00,0
2022-02-28 01:15:00,0
2022-02-28 08:30:00,1
2022-02-28 12:25:00,1
2022-02-28 14:20:00,0
2022-02-28 17:20:00,0
2022-02-28 22:10:00,0
2022-02-28 23:35:00,0
2022-03-07 05:20:00,1
2022-03-07 09:10:00,0
2022-03-07 14:40:00,1
2022-03-07 16:10:00,1
2022-03-07 21:20:00,0
2022-03-08 11:00:00,1
2022-03-08 17:20:00,0
2022-03-14 01:05:00,0
2022-03-14 05:00:00,0
2022-03-14 08:25:00,1
2022-03-14 09:40:00,1
2022-03-14 14:15:00,1
2022-03-14 20:05:00,0
2022-03-15 00:00:00,1
2022-04-09 04:45:00,1
2022-04-09 16:50:00,0
2022-04-09 23:35:00,0
2022-04-11 04:50:00,1
2022-04-12 03:45:00,0
2022-04-12 05:45:00,0
2022-04-12 11:55:00,1
2022-04-12 23:05:00,0
2022-04-13 14:40:00,1
2022-04-14 21:35:00,1
2022-04-15 00:25:00,1
2022-04-15 03:10:00,0
2022-04-15 07:50:00,1
2022-04-15 14:50:00,1
2022-04-18 12:20:00,0
2022-04-18 19:20:00,0
2022-04-18 23:00:00,0
2022-04-22 05:05:00,1
2022-04-22 11:15:00,1
2022-04-22 19:35:00,1
2022-04-23 06:15:00,1
2022-04-23 11:15:00,1
2022-04-23 12:30:00,0
2022-04-23 16:50:00,1
2022-04-23 20:05:00,1
2022-04-24 03:05:00,1
2022-04-24 14:55:00,1
2022-04-24 18:55:00,1
2022-04-25 03:20:00,1
2022-04-25 11:25:00,0
2022-04-25 17:20:00,0
2022-04-25 19:20:00,1
2022-04-27 02:45:00,0
2022-04-27 06:50:00,0
2022-04-27 09:05:00,1
2022-04-27 16:10:00,0
2022-04-28 07:15:00,0
2022-04-28 08:30:00,0
2022-04-28 15:05:00,0
2022-04-28 16:45:00,1
2022-04-30 00:30:00,1
2022-04-30 19:55:00,1
2022-05-01 01:50:00,0
2022-05-01 17:05:00,1
2022-05-01 21:00:00,0
2022-05-02 05:30:00,1
2022-05-02 14:35:00,1
2022-05-02 19:25:00,1
2022-05-03 21:30:00,0
2022-05-04 10:30:00,1
2022-05-04 15:50:00,0
2022-05-06 00:05:00,1
2022-05-06 02:25:00,1
2022-05-06 12:35:00,1
2022-05-06 15:10:00,1
2022-05-07 23:35:00,1
2022-05-08 06:40:00,1
2022-05-08 18:40:00,1
2022-05-09 08:55:00,1
2022-05-09 13:40:00,1
2022-05-09 20:15:00,1
2022-05-10 01:10:00,1
2022-05-11 14:45:00,1
2022-05-12 00:15:00,1
2022-05-12 07:30:00,0
2022-05-13 05:10:00,1
2022-05-14 01:35:00,1
2022-05-14 06:35:00,1
2022-05-14 16:35:00,0
2022-05-14 21:45:00,0
2022-05-14 23:20:00,0
2022-05-15 21:50:00,0
2022-05-15 22:25:00,1
2022-05-16 10:40:00,1
2022-05-16 17:45:00,0
2022-05-17 05:50:00,0
2022-05-17 09:30:00,1
2022-05-17 13:40:00,1
2022-05-17 19:35:00,1
2022-05-18 19:05:00,1
2022-05-19 02:50:00,0
2022-05-19 20:55:00,0
2022-05-19 21:35:00,1
2022-05-20 07:35:00,1
2022-05-20 19:45:00,0
2022-05-22 17:10:00,0
2022-05-22 23:05:00,1
2022-05-23 04:20:00,0
2022-05-23 07:15:00,1
2022-05-23 09:55:00,1
2022-05-24 03:10:00,0
2022-05-24 11:20:00,1
2022-05-24 15:45:00,0
2022-05-24 22:15:00,0
2022-05-25 02:00:00,0
2022-05-25 03:40:00,1
2022-05-25 13:40:00,1
2022-05-26 14:15:00,0
2022-05-30 04:45:00,0
2022-05-30 06:35:00,0
2022-05-30 22:40:00,1
2022-06-02 05:45:00,0
2022-06-02 07:40:00,1
2022-06-02 13:45:00,1
2022-06-04 04:10:00,1
2022-06-04 14:30:00,0
2022-06-11 01:45:00,0
2022-06-11 18:40:00,1
2022-06-12 08:00:00,1
2022-06-12 14:55:00,1
2022-06-13 04:20:00,1
2022-06-13 12:15:00,1
2022-06-13 16:15:00,1
2022-06-14 03:35:00,0
2022-06-14 06:05:00,1
2022-06-14 07:40:00,1
2022-06-14 13:20:00,1
2022-06-14 15:05:00,1
2022-06-14 23:25:00,1
2022-06-15 10:20:00,0
2022-06-15 13:45:00,1
2022-06-15 19:25:00,1
2022-06-16 17:20:00,1
2022-06-17 01:45:00,0
2022-06-17 08:15:00,1
2022-06-17 11:10:00,1
2022-06-17 20:25:00,1
2022-06-18 00:15:00,1
2022-06-18 10:30:00,1
2022-06-18 21:25:00,0
2022-06-19 08:35:00,0
2022-06-19 12:10:00,1
2022-06-19 15:35:00,0
2022-06-19 22:25:00,1
2022-06-20 06:15:00,0
2022-06-20 10:45:00,1
2022-06-20 20:40:00,0
2022-06-21 06:00:00,0
2022-06-21 08:40:00,1
2022-06-21 13:35:00,1
2022-06-22 05:25:00,1
2022-06-22 09:35:00,0
2022-06-22 13:55:00,1
2022-06-23 00:20:00,0
2022-06-23 06:35:00,0
2022-06-23 19:10:00,0
2022-06-23 22:30:00,0
2022-06-24 13:55:00,1
2022-06-24 17:05:00,0
2022-06-25 19:00:00,0
2022-06-25 22:20:00,1
2022-06-26 06:40:00,0
2022-06-26 20:50:00,1
2022-06-27 04:25:00,0
2022-06-27 09:25:00,1
2022-06-27 18:20:00,1
2022-06-28 22:25:00,1
2022-06-29 09:30:00,1
2022-06-29 19:30:00,0
2022-06-29 21:45:00,1
2022-06-30 12:35:00,1
2022-06-30 23:30:00,0
2022-07-01 07:35:00,1
2022-07-01 13:20:00,1
2022-07-01 13:45:00,1
2022-07-02 05:20:00,1
2022-07-02 10:40:00,0
2022-07-02 12:45:00,1
2022-07-03 11:15:00,1
2022-07-03 16:40:00,0
2022-07-04 06:15:00,1
2022-07-04 09:20:00,0
2022-07-04 11:30:00,0
2022-07-04 13:10:00,1
2022-07-04 15:05:00,0
2022-07-05 00:15:00,1
2022-07-05 16:20:00,0
2022-07-06 04:10:00,0
2022-07-06 22:10:00,0
2022-07-07 16:00:00,0
2022-07-07 18:30:00,0
2022-07-07 21:15:00,0
2022-07-11 08:55:00,1
2022-07-11 16:40:00,0
2022-07-11 18:45:00,1
2022-07-12 04:25:00,1
2022-07-12 11:30:00,1
2022-07-13 01:05:00,0
2022-07-13 07:45:00,1
2022-07-13 14:50:00,0
2022-07-14 00:50:00,1
2022-07-14 14:55:00,0
2022-07-14 17:20:00,0
2022-07-14 19:30:00,1
2022-08-20 00:45:00,1
2022-08-20 22:05:00,0
2022-08-21 11:55:00,1
2022-08-22 10:40:00,1
2022-08-22 22:20:00,0
2022-08-23 01:15:00,1
2022-08-23 07:45:00,0
2022-08-23 09:50:00,1
2022-08-24 05:20:00,0
2022-08-24 14:30:00,0
2022-08-24 19:15:00,1
2022-08-25 01:20:00,0
2022-08-25 07:30:00,1
2022-08-25 19:30:00,1
2022-08-26 02:20:00,1
2022-08-26 12:35:00,1
2022-08-27 07:35:00,1
2022-08-27 17:40:00,1
2022-08-27 22:40:00,1
2022-08-29 02:30:00,0
2022-08-29 12:30:00,0
2022-08-29 15:35:00,0
2022-08-29 16:05:00,1
2022-08-29 23:35:00,0
2022-08-30 07:15:00,1
2022-08-30 19:05:00,0
2022-08-31 06:15:00,1
2022-08-31 10:45:00,1
2022-08-31 19:15:00,1
2022-09-01 10:45:00,0
2022-09-01 17:30:00,0
2022-09-02 14:40:00,1
2022-09-03 00:40:00,1
2022-09-03 22:15:00,1
2022-09-04 09:05:00,0
2022-09-05 14:15:00,0
2022-09-05 15:00:00,1
2022-09-05 22:55:00,0
2022-09-06 00:15:00,0
2022-09-06 06:40:00,0
2022-09-06 07:40:00,1
2022-09-07 05:45:00,1
2022-09-07 13:05:00,0
2022-09-07 18:40:00,0
2022-09-07 19:10:00,0
2022-09-07 21:25:00,1
2022-09-07 22:10:00,1
2022-09-08 04:25:00,1
2022-09-08 10:15:00,1
2022-09-08 13:45:00,0
2022-09-09 08:30:00,0
2022-09-09 10:25:00,0
2022-09-09 11:30:00,1
2022-09-09 12:20:00,0
2022-09-09 16:30:00,0
2022-09-16 04:15:00,1
2022-09-16 10:40:00,1
2022-09-16 19:10:00,0
2022-09-16 23:55:00,0
2022-09-17 01:35:00,1
2022-09-17 04:20:00,1
2022-09-17 09:15:00,1
2022-09-17 13:45:00,0
2022-09-17 16:05:00,0
2022-09-17 16:40:00,1
2022-09-19 10:25:00,0
2022-09-19 11:55:00,0
2022-09-19 13:35:00,0
2022-09-19 19:00:00,0
2022-09-19 21:15:00,1
2022-09-20 07:05:00,1
2022-09-20 15:10:00,1
2022-09-20 21:35:00,1
2022-09-21 02:20:00,1
2022-09-21 09:45:00,0
2022-09-21 12:30:00,0
2022-09-21 13:30:00,0
2022-09-21 17:35:00,0
2022-09-21 18:55:00,1
2022-09-22 02:40:00,0
2022-09-22 03:15:00,0
2022-09-22 09:55:00,1
2022-09-22 11:55:00,1
2022-09-22 18:40:00,0
2022-09-22 22:20:00,1
2022-09-24 09:05:00,1
2022-09-25 03:20:00,0
2022-09-25 11:50:00,1
2022-09-25 16:10:00,1
2022-09-26 00:40:00,1
2022-09-26 07:25:00,0
2022-09-26 12:50:00,0
2022-09-28 00:15:00,1
2022-09-28 06:05:00,1
2022-09-28 10:20:00,0
2022-09-28 14:30:00,0
2022-09-28 17:35:00,1
2022-09-28 19:50:00,1
2022-10-03 01:15:00,0
2022-10-03 15:10:00,1
2022-10-03 17:05:00,0
2022-10-03 23:15:00,0
2022-10-11 06:35:00,0
2022-10-11 15:50:00,1
2022-10-12 00:25:00,1
2022-10-12 18:15:00,1
2022-10-16 01:00:00,0
2022-10-16 21:00:00,1
2022-10-21 02:20:00,0
2022-10-21 03:00:00,1
2022-10-21 13:55:00,0
2022-10-21 16:25:00,0
2022-11-09 05:45:00,1
2022-11-09 12:15:00,1
2022-11-10 01:00:00,0
2022-11-10 05:05:00,0
2022-11-10 14:25:00,1
2022-11-10 20:55:00,1
2022-11-11 05:35:00,1
2022-11-11 22:20:00,0
2022-11-12 09:25:00,1
2022-11-12 14:35:00,1
2022-11-13 00:45:00,1
2022-11-13 11:30:00,1
2022-11-14 06:45:00,1
2022-11-22 00:15:00,1
2022-11-22 11:00:00,0
2022-11-22 15:05:00,0
2022-11-23 02:20:00,0
2022-11-23 18:30:00,0
2022-11-23 20:45:00,0
2022-11-24 03:20:00,1
2022-11-24 13:55:00,1
2022-11-24 16:10:00,0
2022-11-24 17:10:00,1
2022-11-25 07:40:00,0
2022-11-25 11:15:00,1
2022-11-25 15:00:00,0
2022-11-26 02:05:00,1
2022-11-26 10:15:00,1
2022-11-26 14:45:00,1
2022-11-26 21:20:00,1
2022-11-27 01:50:00,0
2022-11-27 04:10:00,0
2022-11-27 06:25:00,1
2022-11-27 10:40:00,1
2022-11-28 07:00:00,0
2022-11-28 17:00:00,0
2022-11-30 07:55:00,1
2022-11-30 16:25:00,1
2022-11-30 18:40:00,0
2022-12-17 06:35:00,1
2022-12-17 21:20:00,0
2022-12-17 23:20:00,1
2022-12-20 01:35:00,0
2022-12-20 04:00:00,0
2022-12-20 05:55:00,0
2022-12-20 08:55:00,1
2022-12-20 15:00:00,1
2022-12-29 00:40:00,1
2022-12-29 04:50:00,1
2022-12-29 09:15:00,0
2022-12-29 09:50:00,1
2022-12-31 07:45:00,0
2022-12-31 10:30:00,0
2022-12-31 13:45:00,0
2022-12-31 15:20:00,1
2023-01-01 02:00:00,1
2023-01-01 06:05:00,1
2023-01-01 09:55:00,0
2023-01-01 12:15:00,1
2023-01-01 16:00:00,0
2023-01-01 17:45:00,1
2023-03-04 00:30:00,1
2023-03-04 06:15:00,1
2023-03-04 22:25:00,0
2023-03-05 10:25:00,0
2023-03-05 21:15:00,1
2023-03-06 06:25:00,0
2023-03-06 14:00:00,1
2023-03-07 01:15:00,1
2023-03-07 23:35:00,1
2023-03-08 10:25:00,1
2023-03-08 15:15:00,1
2023-03-09 13:55:00,1
2023-03-10 12:55:00,0
2023-03-10 16:30:00,0
2023-03-11 14:35:00,1
2023-03-11 17:25:00,0
2023-03-11 18:20:00,0
2023-03-12 17:30:00,0
2023-03-12 20:35:00,0
2023-03-12 23:10:00,0
2023-04-22 03:50:00,1
2023-04-22 11:50:00,0
2023-04-22 15:15:00,0
2023-04-22 23:35:00,1
2023-05-09 01:35:00,1
2023-05-09 07:55:00,0
2023-05-09 12:15:00,1
2023-05-09 17:00:00,0
2023-05-10 13:25:00,1
2023-05-10 20:20:00,1
2023-05-11 05:55:00,1
2023-05-11 10:50:00,1
2023-05-11 12:10:00,1
2023-05-11 20:55:00,1
2023-05-12 09:55:00,0
2023-05-12 20:00:00,0
2023-05-15 04:40:00,0
2023-05-15 07:00:00,1
2023-05-15 14:55:00,1
2023-05-16 05:10:00,1
2023-05-16 07:20:00,1
2023-05-17 00:40:00,1
2023-05-17 16:40:00,0
2023-05-17 19:05:00,0
2023-05-17 21:25:00,1
2023-05-19 03:30:00,0
2023-05-19 12:25:00,1
2023-05-19 15:20:00,1
2023-05-22 04:40:00,0
2023-05-22 07:40:00,1
2023-05-22 13:35:00,0
2023-05-23 05:40:00,1
2023-05-23 12:20:00,1
2023-05-23 23:30:00,1
2023-05-25 05:30:00,1
2023-05-25 10:00:00,1
2023-05-25 12:05:00,0
2023-05-25 20:10:00,1
2023-05-26 07:00:00,0
2023-05-26 08:30:00,1
2023-05-26 11:50:00,1
2023-05-26 13:35:00,0
2023-05-26 15:05:00,1
2023-05-27 02:55:00,1
2023-05-27 12:25:00,1
2023-05-27 17:40:00,0
2023-05-27 22:15:00,0
2023-06-06 02:25:00,1
2023-06-06 14:05:00,0
2023-06-06 22:35:00,0
2023-06-07 00:00:00,1
2023-06-11 05:40:00,1
2023-06-11 10:50:00,1
2023-06-11 16:20:00,0
2023-06-11 17:10:00,1
2023-06-12 06:30:00,0
2023-06-12 09:45:00,1
2023-06-12 17:50:00,0
2023-06-13 18:15:00,0
2023-06-15 01:00:00,1
2023-06-15 11:35:00,0
2023-06-15 21:00:00,0
2023-06-16 19:35:00,1
2023-07-25 02:40:00,0
2023-07-25 09:40:00,1
2023-07-25 13:35:00,0
2023-07-26 20:15:00,0
2023-07-28 00:45:00,1
2023-07-28 10:00:00,0
2023-07-28 14:15:00,0
2023-07-28 21:00:00,0
2023-08-01 00:40:00,0
2023-08-01 08:40:00,1
2023-08-01 16:00:00,0
2023-08-05 00:35:00,1
2023-08-05 05:40:00,1
2023-08-05 14:10:00,0
2023-08-07 01:20:00,1
2023-08-07 18:05:00,0
2023-08-17 03:45:00,1
2023-08-18 06:15:00,1
2023-08-18 18:40:00,1
2023-08-19 08:15:00,0
2023-08-19 15:50:00,1
2023-08-20 17:50:00,0
2023-08-20 20:40:00,1
2023-08-21 05:30:00,1
2023-08-21 11:55:00,0
2023-08-21 14:10:00,1
2023-08-21 19:45:00,1
2023-08-22 07:10:00,1
2023-08-22 16:55:00,1
2023-08-22 23:15:00,0
2023-08-23 19:30:00,0
2023-08-23 20:25:00,1
2023-08-24 00:50:00,1
2023-08-24 03:55:00,1
2023-08-24 06:40:00,1
2023-08-24 19:30:00,1
2023-08-24 22:30:00,0
2023-08-25 00:00:00,1
2023-08-25 08:30:00,0
2023-08-25 18:50:00,0
2023-08-27 15:00:00,1
2023-08-27 19:10:00,1
2023-08-28 11:55:00,0
2023-08-28 13:35:00,1
2023-08-28 17:05:00,1
2023-08-28 22:45:00,0
2023-08-29 00:15:00,1
2023-08-29 00:50:00,1
2023-08-29 11:10:00,0
2023-08-29 14:05:00,0
2023-08-29 18:05:00,1
2023-09-01 02:30:00,1
2023-09-01 09:50:00,1
2023-09-01 11:50:00,1
2023-09-01 20:35:00,1
2023-09-06 17:50:00,0
2023-09-06 23:20:00,1
2023-09-07 15:00:00,0
2023-09-07 17:40:00,0
2023-09-07 21:45:00,1
2023-09-08 13:35:00,1
2023-09-08 19:40:00,1
2023-09-10 20:00:00,1
2023-09-11 21:15:00,0
2023-09-12 03:05:00,0
2023-09-12 07:50:00,0
2023-09-12 12:10:00,0
2023-09-12 16:30:00,1
2023-09-12 19:20:00,1
2023-09-13 07:05:00,1
2023-09-13 09:30:00,0
2023-09-13 11:00:00,0
2023-09-13 12:15:00,1
2023-09-13 14:45:00,0
2024-01-15 03:05:00,0
2024-01-15 06:00:00,1
2024-01-15 13:50:00,1
2024-01-15 17:05:00,0
2024-01-19 05:35:00,0
2024-01-19 10:15:00,1
2024-01-19 17:40:00,1
2024-01-23 02:25:00,1
2024-01-23 15:45:00,0
2024-01-24 06:50:00,0
2024-01-24 08:05:00,1
2024-01-24 09:15:00,0
2024-01-24 17:00:00,1
2024-01-24 23:10:00,0
2024-01-25 18:10:00,0
2024-01-26 03:00:00,1
2024-01-26 08:15:00,0
2024-01-26 10:35:00,0
2024-01-26 14:20:00,0
2024-01-26 17:45:00,1
2024-04-14 04:20:00,1
2024-04-14 18:35:00,1
2024-04-14 22:05:00,0
2024-04-16 01:35:00,1
2024-04-16 06:50:00,0
2024-04-16 07:55:00,1
2024-04-16 17:00:00,0
2024-04-17 00:50:00,1
2024-04-17 18:05:00,0
2024-04-18 14:10:00,1
2024-04-19 04:10:00,0
2024-04-19 11:40:00,1
2024-04-19 17:55:00,1
2024-04-28 00:05:00,0
2024-04-28 01:05:00,0
2024-04-28 07:15:00,1
2024-04-28 13:20:00,1
2024-04-29 09:55:00,1
2024-04-29 12:50:00,1
2024-04-29 14:30:00,0
2024-05-01 04:05:00,1
2024-05-01 11:55:00,1
2024-05-01 17:55:00,0
2024-05-01 21:30:00,1
2024-05-02 06:30:00,0
2024-05-02 11:05:00,0
2024-05-02 14:40:00,0
2024-05-03 12:35:00,0
2024-05-03 15:55:00,0
2024-05-03 22:30:00,0
2024-05-09 01:15:00,0
2024-05-09 06:10:00,1
2024-05-09 12:35:00,0
2024-05-09 19:05:00,0
2024-05-09 22:30:00,0
2024-05-11 01:15:00,1
2024-05-11 13:50:00,0
2024-05-11 16:25:00,1
2024-05-12 01:05:00,1
2024-05-12 04:30:00,1
2024-05-12 10:20:00,0
2024-05-12 16:00:00,1
2024-05-12 23:15:00,0
2024-06-15 00:25:00,0
2024-06-15 05:25:00,1
2024-06-15 10:50:00,0
2024-06-15 23:00:00,0
2024-06-16 10:35:00,0
2024-06-16 13:10:00,1
2024-06-16 22:05:00,1
2024-06-19 01:05:00,1
2024-06-19 21:30:00,0
2024-06-20 07:15:00,0
2024-06-20 10:50:00,0
2024-06-20 11:00:00,1
2024-06-20 18:25:00,1
2024-06-21 14:35:00,1
2024-06-24 08:25:00,1
2024-06-24 14:05:00,1
2024-06-24 22:00:00,0
2024-06-25 00:55:00,0
2024-06-25 05:00:00,1
2024-06-25 09:35:00,0
2024-06-25 09:55:00,0
2024-06-25 22:10:00,1
2024-06-26 01:20:00,0
2024-06-26 13:35:00,1
2024-06-27 03:25:00,1
2024-06-27 09:20:00,0
2024-06-27 12:10:00,0
2024-06-27 13:35:00,1
2024-06-29 00:15:00,0
2024-06-29 01:00:00,0
2024-06-29 11:35:00,1
2024-06-30 06:40:00,0
2024-06-30 07:55:00,0
2024-06-30 22:20:00,0
2024-07-01 01:00:00,0
2024-07-01 02:20:00,1
2024-07-01 15:15:00,0
2024-07-01 18:55:00,1
2024-07-03 00:10:00,1
2024-07-03 06:20:00,1
2024-07-03 13:40:00,1
2024-07-03 21:55:00,1
2024-07-04 15:45:00,0
2024-07-04 16:45:00,0
2024-07-05 10:10:00,0
2024-07-05 10:30:00,0
2024-07-05 16:15:00,1
2024-07-05 17:20:00,1
2024-07-05 21:40:00,1
2024-07-06 06:25:00,0
2024-07-06 13:50:00,0
2024-07-06 21:05:00,1
2024-07-06 23:05:00,0
2024-07-07 02:10:00,1
2024-07-07 10:35:00,1
2024-07-07 16:45:00,1
2024-07-08 04:50:00,0
2024-07-08 09:55:00,1
2024-07-08 18:40:00,0
2024-07-09 02:50:00,0
2024-07-09 14:15:00,0
2024-07-10 05:25:00,1
2024-07-10 06:50:00,1
2024-07-10 22:25:00,0
2024-07-11 05:15:00,0
2024-07-11 07:20:00,0
2024-07-11 11:40:00,0
2024-07-11 12:35:00,1
2024-07-12 00:40:00,1
2024-07-12 06:20:00,1
2024-07-12 12:10:00,0
2024-07-12 13:35:00,0
2024-07-12 18:40:00,1
2024-07-12 23:40:00,0
2024-07-13 05:55:00,0
2024-07-13 11:40:00,0
2024-07-13 15:00:00,1
2024-07-13 22:50:00,0
2024-08-03 03:25:00,1
2024-08-04 02:10:00,1
2024-08-04 11:00:00,1
2024-08-04 19:20:00,1
2024-08-05 13:50:00,0
2024-08-06 05:50:00,1
2024-08-06 14:10:00,0
2024-08-08 12:35:00,0
2024-08-08 21:45:00,0
2024-08-12 07:40:00,0
2024-08-12 15:20:00,0
2024-08-12 23:15:00,1
2024-08-15 05:25:00,1
2024-08-15 09:00:00,0
2024-08-15 11:30:00,0
2024-08-15 13:30:00,1
2024-08-15 22:00:00,0
2024-08-16 07:45:00,1
2024-08-16 11:25:00,1
2024-08-16 13:20:00,0
2024-09-02 05:45:00,1
2024-09-02 08:15:00,0
2024-09-02 10:55:00,1
2024-09-02 14:35:00,0
2024-09-04 07:45:00,0
2024-09-04 20:10:00,1
2024-09-05 13:40:00,1
2024-09-06 00:15:00,0
2024-09-06 03:15:00,1
2024-09-06 10:25:00,0
2024-09-06 12:35:00,1
2024-09-06 23:55:00,0
2024-09-07 06:50:00,0
2024-09-07 12:50:00,1
2024-09-07 23:55:00,0
2024-09-08 09:15:00,1
2024-09-08 17:20:00,0
2024-09-08 22:20:00,0
2024-09-09 13:55:00,1
2024-09-09 16:15:00,0
2024-09-09 20:50:00,0
2024-09-09 22:05:00,1
